Episode,Tactual,Tension,EnemyCount,,DTW,DTW2,,,393,98,295,98는 밸런스 295는 맵 좁음,,,,
0,0,100,3,95%,179,0.090,2,,159,맵의 크기가 큼 & 적이 퍼져 있음,,,,,,
0,1.124816,94,2,,,,,,378,맵의 크기가 큼 & 적이 몰려 있음,,,,,,
0,1.923979,96,1,,,,,,930,승리 에피소드,,,,,,
0,4.204288,89,0,,,,,,306,플레이어가 죽거나 & 시간초과한 에프소드들,,,,,,
3,4.381233,78,1,86%,71,0.036,3,,,,,,,,,
3,5.783579,93,0,,,,,,,,,,,,,
4,8.697105,57,1,75%,40,0.020,3,,,,,,,,,
4,10.17801,93,0,,,,,,,,,,,,,
5,2.860901,86,1,84%,67,0.034,1,2,,,,,,,,
5,6.760292,81,0,,,,,,,에피소드,에피소드 횟수,그래프,수치,유사도,유사도2,
6,3.521893,82,2,89%,126,0.063,3,,,승리,930,첫번째 그래프,98,11%,15%,1-50
6,5.300789,91,1,,,,,,,,,두번째 그래프,295,32%,50%,51-100
6,6.601154,93,0,,,,,,,,,세번째 그래프,159,17%,30%,101-150
7,4.161263,79,1,84%,68,0.034,3,,,,,네번째 그래프,378,41%,5%,151-200
7,6.459507,89,0,,,,,,,,,,,,,
9,10.50065,47,1,59%,24,0.012,3,,,,,,,,,
9,16.30019,71,0,,,,,,,,,,,,,
10,1.31926,93,1,93%,85,0.043,1,2,,,124.5,,,,,
10,2.919098,92,0,,,,,,,,,,,,,
12,4.650429,77,3,86%,145,0.073,1,2,,,,,,,,
12,6.331917,92,2,,,,,,,,,,,,,
12,10.43358,79,1,,,,,,,,,,,,,
12,11.13358,97,0,,,,,,,,,,,,,
13,5.917488,70,2,87%,110,0.055,3,,,,95%,,,,,
13,6.698235,96,1,,,,,,,,,,,,,
13,7.815826,94,0,,,,,,,,15%,,,,,
14,1.100182,94,2,94%,133,0.067,1,2,,,,,,,,
14,2.541862,93,1,,,,,,,,,,,,,
14,3.381897,96,0,,,,,,,,,,,,,
15,3.120766,84,2,89%,116,0.058,1,2,,,,,,,,
15,4.218582,95,1,,,,,,,,,,,,,
15,6.901871,87,0,,,,,,,,,,,,,
16,1.818069,91,2,88%,115,0.058,1,2,,,,,,,,
16,5.817162,80,1,,,,,,,,,,,,,
16,7.099274,94,0,,,,,,,,,,,,,
17,3.25898,84,3,89%,77,0.039,1,2,,,,,,,,
17,4.619164,93,2,,,,,,,,,,,,,
17,5.000572,98,1,,,,,,,,,,,,,
17,9.198174,79,0,,,,,,,,,,,,,
18,1.700638,91,1,82%,63,0.032,2,,,,,,,,,
18,7.201782,72,0,,,,,,,,,,,,,
23,4.571487,77,2,84%,101,0.051,2,,,,,,,,,
23,5.352478,96,1,,,,,,,,,,,,,
23,9.751572,78,0,,,,,,,,,,,,,
25,1.071716,95,2,84%,101,0.051,2,,,,,,,,,
25,2.911301,91,1,,,,,,,,,,,,,
25,9.852325,65,0,,,,,,,,,,,,,
26,9.117218,54,2,81%,94,0.047,3,,,,,,,,,
26,10.11948,95,1,,,,,,,,,,,,,
26,11.05826,95,0,,,,,,,,,,,,,
27,2.245956,89,3,85%,141,0.071,1,2,,,,,,,,
27,5.747681,82,2,,,,,,,,,,,,,
27,8.186691,88,1,,,,,,,,,,,,,
27,11.72829,82,0,,,,,,,,,,,,,
29,5.771118,71,1,85%,70,0.035,3,,,,,,,,,
29,6.031937,99,0,,,,,,,,,,,,,
31,12.71915,36,1,63%,53,0.027,3,,,,,,,,,
31,14.92023,89,0,,,,,,,,,,,,,
32,4.218384,79,2,83%,99,0.050,3,,,,,,,,,
32,5.217712,95,1,,,,,,,,,,,,,
32,10.19879,75,0,,,,,,,,,,,,,
33,10.51825,47,1,67%,39,0.020,3,,,,,,,,,
33,13.39853,86,0,,,,,,,,,,,,,
34,10.52081,47,1,62%,39,0.020,3,,,,,,,,,
34,15.10205,77,0,,,,,,,,,,,,,
35,5.898407,71,1,71%,42,0.021,1,2,,,,,,,,
35,11.71747,71,0,,,,,,,,,,,,,
36,4.501587,77,2,80%,90,0.045,1,2,,,,,,,,
36,7.802399,83,1,,,,,,,,,,,,,
36,11.70398,80,0,,,,,,,,,,,,,
38,7.941864,60,1,79%,57,0.029,3,,,,,,,,,
38,8.53949,97,0,,,,,,,,,,,,,
40,7.665283,96,2,94%,133,0.067,1,2,,,,,,,,
40,9.064453,93,1,,,,,,,,,,,,,
40,10.26355,94,0,,,,,,,,,,,,,
42,1.196899,94,1,83%,66,0.033,2,,,,,,,,,
42,6.814117,72,0,,,,,,,,,,,,,
43,5.411621,73,2,86%,108,0.054,2,,,,,,,,,
43,5.932281,97,1,,,,,,,,,,,,,
43,8.27179,88,0,,,,,,,,,,,,,
45,9.853607,51,1,70%,39,0.020,3,,,,,,,,,
45,12.17184,88,0,,,,,,,,,,,,,
47,2.125183,89,1,89%,78,0.039,1,2,,,,,,,,
47,4.227448,89,0,,,,,,,,,,,,,
48,8.497864,58,2,74%,73,0.037,2,,,,,,,,,
48,9.339294,96,1,,,,,,,,,,,,,
48,15.58072,69,0,,,,,,,,,,,,,
49,5.916534,70,1,76%,51,0.026,3,,,,,,,,,
49,9.798828,81,0,,,,,,,,,,,,,
51,1.906281,90,1,81%,61,0.031,2,,,,,,,,,
51,7.689453,71,0,,,,,,,,,,,,,
53,3.405212,83,1,69%,38,0.019,2,,,,,,,,,
53,12.30566,55,0,,,,,,,,,,,,,
54,3.88147,81,2,87%,110,0.055,1,2,,,,,,,,
54,5.000122,94,1,,,,,,,,,,,,,
54,8.080444,85,0,,,,,,,,,,,,,
58,2.248413,89,1,77%,54,0.027,2,,,,,,,,,
58,9.32959,65,0,,,,,,,,,,,,,
59,5.417053,73,2,89%,117,0.059,3,,,,,,,,,
59,5.678528,99,1,,,,,,,,,,,,,
59,6.597656,95,0,,,,,,,,,,,,,
62,2.39679,88,3,87%,148,0.074,2,,,,,,,,,
62,2.657104,99,2,,,,,,,,,,,,,
62,4.595825,90,1,,,,,,,,,,,,,
62,10.37866,71,0,,,,,,,,,,,,,
63,10.41681,48,1,64%,31,0.016,3,,,,,,,,,
63,14.51849,79,0,,,,,,,,,,,,,
65,11.52783,42,1,68%,51,0.026,3,,,,,,,,,
65,12.84851,93,0,,,,,,,,,,,,,
66,5.580872,72,1,79%,57,0.029,3,,,,,,,,,
66,8.497986,85,0,,,,,,,,,,,,,
67,6.900146,65,1,82%,64,0.032,3,,,,,,,,,
67,7.160889,99,0,,,,,,,,,,,,,
68,1.141235,94,2,89%,117,0.059,1,2,,,,,,,,
68,3.140747,90,1,,,,,,,,,,,,,
68,6.621521,83,0,,,,,,,,,,,,,
69,10.4007,48,2,75%,79,0.040,3,,,,,,,,,
69,13.09967,87,1,,,,,,,,,,,,,
69,15.01959,90,0,,,,,,,,,,,,,
70,7.898193,61,1,77%,53,0.027,3,,,,,,,,,
70,9.49884,92,0,,,,,,,,,,,,,
71,6.606873,67,2,78%,85,0.043,3,,,,,,,,,
71,7.205688,97,1,,,,,,,,,,,,,
71,12.90582,71,0,,,,,,,,,,,,,
72,5.818359,71,1,81%,62,0.031,3,,,,,,,,,
72,7.519409,91,0,,,,,,,,,,,,,
73,9.880371,51,1,70%,39,0.020,3,,,,,,,,,
73,12.30084,88,0,,,,,,,,,,,,,
74,8.29834,59,2,79%,88,0.044,3,,,,,,,,,
74,11.8808,82,1,,,,,,,,,,,,,
74,12.48071,97,0,,,,,,,,,,,,,
77,7.46228,63,1,79%,58,0.029,3,,,,,,,,,
77,8.40332,95,0,,,,,,,,,,,,,
78,1.960083,90,1,80%,59,0.030,2,,,,,,,,,
78,8.142029,69,0,,,,,,,,,,,,,
79,1.717407,91,3,88%,153,0.077,1,2,,,,,,,,
79,3.35791,92,2,,,,,,,,,,,,,
79,4.215942,96,1,,,,,,,,,,,,,
79,9.397888,74,0,,,,,,,,,,,,,
80,5.019531,75,3,84%,136,0.068,2,,,,,,,,,
80,5.820313,96,2,,,,,,,,,,,,,
80,6.340576,97,1,,,,,,,,,,,,,
80,12.72058,68,0,,,,,,,,,,,,,
82,7.949951,60,1,69%,38,0.019,3,,,,,,,,,
82,12.26984,78,0,,,,,,,,,,,,,
84,1.468384,93,1,78%,55,0.028,2,,,,,,,,,
84,9.106079,62,0,,,,,,,,,,,,,
85,5.16095,74,1,75%,49,0.025,1,1,,,,,,,,
85,10.14191,75,0,,,,,,,,,,,,,
87,3.49884,83,2,94%,131,0.066,1,2,,,,,,,,
87,3.760193,99,1,,,,,,,,,,,,,
87,4.019226,99,0,,,,,,,,,,,,,
89,1.197571,94,3,88%,152,0.076,2,,,,,,,,,
89,7.557373,68,2,,,,,,,,,,,,,
89,9.057312,93,1,,,,,,,,,,,,,
89,9.575073,97,0,,,,,,,,,,,,,
91,6.650879,67,2,83%,98,0.049,3,,,,,,,,,
91,9.55249,85,1,,,,,,,,,,,,,
91,10.3526,96,0,,,,,,,,,,,,,
92,7.967773,60,2,78%,85,0.043,3,,,,,,,,,
92,9.14801,94,1,,,,,,,,,,,,,
92,13.04681,81,0,,,,,,,,,,,,,
93,5.319641,73,2,84%,102,0.051,3,,,,,,,,,
93,6.000671,97,1,,,,,,,,,,,,,
93,9.520203,82,0,,,,,,,,,,,,,
94,8.100464,59,1,56%,11,0.006,1,1,,,Tactual,Tension,,,,
94,17.80035,52,0,,,,,,,,8.100464,59.49768,,,,
97,4.506104,77,2,82%,96,0.048,3,,,,17.80035,51.50055,,,,
97,9.486511,75,1,,,,,,,,,,,,,
97,10.58765,94,0,,,,,,,,,,,,,
98,7.399353,63,1,80%,59,0.030,3,,,,,,,,,
98,8.17749,96,0,,,,,,,,,,,,,
99,10.04041,50,1,72%,44,0.022,3,,,,,,,,,
99,11.1405,94,0,,,,,,,,,,,,,
100,4.900452,75,1,82%,64,0.032,1,2,,,,,,,,
100,7.200134,89,0,,,,,,,,,,,,,
101,2.401245,88,1,89%,78,0.039,1,2,,,,,,,,
101,4.500183,90,0,,,,,,,,,,,,,
102,5.579773,72,2,85%,106,0.053,3,,,,,,,,,
102,8.059631,88,1,,,,,,,,,,,,,
102,8.898743,96,0,,,,,,,,,,,,,
103,1.900818,90,2,88%,115,0.058,2,,,,,,,,,
103,2.681091,96,1,,,,,,,,,,,,,
103,6.901245,79,0,,,,,,,,,,,,,
105,9.940552,50,1,67%,34,0.017,3,,,,,,,,,
105,13.23792,84,0,,,,,,,,,,,,,
107,3.744507,81,2,84%,101,0.051,2,,,,,,,,,
107,9.144775,73,1,,,,,,,,,,,,,
107,9.663208,97,0,,,,,,,,,,,,,
109,1.047363,95,3,81%,123,0.062,2,,,,,,,,,
109,2.14917,94,2,,,,,,,,,,,,,
109,5.847412,82,1,,,,,,,,,,,,,
109,15.43103,52,0,,,,,,,,,,,,,
110,3.517334,82,1,83%,65,0.033,1,2,,,,,,,,
110,6.817749,83,0,,,,,,,,,,,,,
111,1.700439,91,2,94%,131,0.066,1,2,,,,,,,,
111,3.198242,93,1,,,,,,,,,,,,,
111,3.719116,97,0,,,,,,,,,,,,,
116,11.79382,41,1,65%,47,0.024,3,,,,,,,,,
116,14.09509,88,0,,,,,,,,,,,,,
117,2.032227,90,2,89%,118,0.059,1,2,,,,,,,,
117,5.830933,81,1,,,,,,,,,,,,,
117,6.352051,97,0,,,,,,,,,,,,,
118,1.179199,94,1,68%,53,0.027,2,,,,,,,,,
118,12.88049,41,0,,,,,,,,,,,,,
119,4.739258,76,1,74%,47,0.024,1,1,,,,,,,,
119,10.49976,71,0,,,,,,,,,,,,,
120,7.381958,63,2,80%,90,0.045,2,,,,,,,,,
120,7.640259,99,1,,,,,,,,,,,,,
120,11.9812,78,0,,,,,,,,,,,,,
121,4.319336,78,2,77%,81,0.041,1,1,,,,,,,,
121,8.820068,77,1,,,,,,,,,,,,,
121,13.59998,76,0,,,,,,,,,,,,,
122,2.731812,86,2,86%,108,0.054,1,2,,,,,,,,
122,5.711304,85,1,,,,,,,,,,,,,
122,8.211426,87,0,,,,,,,,,,,,,
123,4.900513,75,1,72%,44,0.022,2,,,,,,,,,
123,11.11963,69,0,,,,,,,,,,,,,
124,7.08252,65,1,80%,59,0.030,3,,,,,,,,,
124,8.282349,94,0,,,,,,,,,,,,,
125,11.91797,40,1,67%,53,0.027,3,,,,,,,,,
125,13.35913,93,0,,,,,,,,,,,,,
126,1.459595,93,3,89%,155,0.078,1,2,,,,,,,,
126,5.759644,78,2,,,,,,,,,,,,,
126,8.15918,88,1,,,,,,,,,,,,,
126,9.058594,96,0,,,,,,,,,,,,,
127,4.400513,78,3,81%,125,0.063,1,1,,,,,,,,
127,8.901123,77,2,,,,,,,,,,,,,
127,9.160522,99,1,,,,,,,,,,,,,
127,14.88257,71,0,,,,,,,,,,,,,
128,4.016724,80,2,86%,107,0.054,3,,,,,,,,,
128,4.538696,97,1,,,,,,,,,,,,,
128,8.498047,80,0,,,,,,,,,,,,,
129,12.16028,39,1,68%,58,0.029,3,,,,,,,,,
129,12.76147,97,0,,,,,,,,,,,,,
132,5.351807,73,1,82%,63,0.032,3,,,,,,,,,
132,7.334717,90,0,,,,,,,,,,,,,
133,6.918091,65,1,80%,60,0.030,3,,,,,,,,,
133,7.857544,95,0,,,,,,,,,,,,,
134,9.560669,52,1,73%,46,0.023,3,,,,,,,,,
134,10.85889,94,0,,,,,,,,,,,,,
136,1.169434,94,1,93%,85,0.043,1,2,,,,,,,,
136,3.069214,91,0,,,,,,,,,,,,,
137,3.599976,82,2,84%,101,0.051,1,2,,,,,,,,
137,5.539185,90,1,,,,,,,,,,,,,
137,9.700073,79,0,,,,,,,,,,,,,
138,5.499512,73,1,80%,60,0.030,1,1,,,,,,,,
138,8.181885,87,0,,,,,,,,,,,,,
139,5.317871,73,2,75%,74,0.037,2,,,,,,,,,
139,6.299072,95,1,,,,,,,,,,,,,
139,15.01587,56,0,,,,,,,,,,,,,
140,3.901489,80,1,88%,76,0.038,3,,,,,,,,,
140,4.70166,96,0,,,,,,,,,,,,,
141,1.881836,91,2,91%,74,0.037,1,2,,,,,,,,
141,3.880005,90,1,,,,,,,,,,,,,
141,5.180054,93,0,,,,,,,,,,,,,
146,7.419556,63,1,76%,51,0.026,3,,,,,,,,,
146,9.919312,88,0,,,,,,,,,,,,,
148,5.63269,72,1,86%,71,0.036,3,,,,,,,,,
148,5.8927,99,0,,,,,,,,,,,,,
150,2.581177,87,2,85%,104,0.052,1,2,,,,,,,,
150,5.36145,86,1,,,,,,,,,,,,,
150,9.26123,81,0,,,,,,,,,,,,,
151,2.081665,90,2,86%,109,0.055,1,2,,,,,,,,
151,5.460693,83,1,,,,,,,,,,,,,
151,8.260986,86,0,,,,,,,,,,,,,
152,2.120117,89,1,91%,82,0.041,1,2,,,,,,,,
152,3.519531,93,0,,,,,,,,,,,,,
153,12.78113,36,3,80%,148,0.074,3,,,,,,,,,
153,14.38,92,2,,,,,,,,,,,,,
153,15.0813,96,1,,,,,,,,,,,,,
153,15.89868,96,0,,,,,,,,,,,,,
154,1.200562,94,2,85%,104,0.052,2,,,,,,,,,
154,2.983521,91,1,,,,,,,,,,,,,
154,9.181885,69,0,,,,,,,,,,,,,
155,3.318481,83,3,80%,132,0.066,2,,,,,,,,,
155,3.838623,97,2,,,,,,,,,,,,,
155,4.800415,95,1,,,,,,,,,,,,,
155,16.29944,43,0,,,,,,,,,,,,,
156,2.459106,88,1,67%,42,0.021,2,,,,,,,,,
156,13.31982,46,0,,,,,,,,,,,,,
159,3.52063,82,2,71%,82,0.041,2,,,,,,,,,
159,5.260498,91,1,,,,,,,,,,,,,
159,17.0022,41,0,,,,,,,,,,,,,
160,7.60022,62,1,78%,56,0.028,3,,,,,,,,,
160,8.817627,94,0,,,,,,,,,,,,,
161,5.040649,75,1,64%,27,0.014,2,,,,,,,,,
161,14.5813,52,0,,,,,,,,,,,,,
162,4.720581,76,1,64%,27,0.014,2,,,,,,,,,
162,14.49927,51,0,,,,,,,,,,,,,
164,3.118164,84,2,89%,116,0.058,1,2,,,,,,,,
164,5.517212,88,1,,,,,,,,,,,,,
164,6.798828,94,0,,,,,,,,,,,,,
166,1.643433,92,3,85%,141,0.071,2,,,,,,,,,
166,2.744385,94,2,,,,,,,,,,,,,
166,3.943481,94,1,,,,,,,,,,,,,
166,11.72388,61,0,,,,,,,,,,,,,
167,1.620117,92,2,88%,115,0.058,1,2,,,,,,,,
167,5.558838,80,1,,,,,,,,,,,,,
167,7.000732,93,0,,,,,,,,,,,,,
168,1.620361,92,3,86%,142,0.071,1,1,,,,,,,,
168,6.719116,75,2,,,,,,,,,,,,,
168,7.237915,97,1,,,,,,,,,,,,,
168,11.61951,78,0,,,,,,,,,,,,,
169,4.599609,77,1,68%,35,0.018,2,,,,,,,,,
169,12.98035,58,0,,,,,,,,,,,,,
170,6.701172,66,2,81%,84,0.042,2,,,,,,,,,
170,7.659302,95,1,,,,,,,,,,,,,
170,13.10132,73,0,,,,,,,,,,,,,
171,5.117798,74,2,87%,110,0.055,3,,,,,,,,,
171,7.39978,89,1,,,,,,,,,,,,,
171,7.901367,97,0,,,,,,,,,,,,,
172,3.15625,84,2,87%,110,0.055,1,2,,,,,,,,
172,7.196533,80,1,,,,,,,,,,,,,
172,7.897827,96,0,,,,,,,,,,,,,
175,1.251221,94,3,85%,139,0.070,2,,,,,,,,,
175,4.051147,86,2,,,,,,,,,,,,,
175,4.309692,99,1,,,,,,,,,,,,,
175,12.29114,60,0,,,,,,,,,,,,,
176,6.741089,66,2,82%,96,0.048,3,,,,,,,,,
176,9.540039,86,1,,,,,,,,,,,,,
176,10.64209,94,0,,,,,,,,,,,,,
177,1.418701,93,1,90%,79,0.040,1,2,,,,,,,,
177,4.318604,86,0,,,,,,,,,,,,,
178,3.599609,82,1,89%,78,0.039,1,2,,,,,,,,
178,4.499023,96,0,,,,,,,,,,,,,
179,7.60144,62,2,73%,70,0.035,3,,,,,,,,,
179,15.00098,63,1,,,,,,,,,,,,,
179,16.08069,95,0,,,,,,,,,,,,,
180,3.837158,81,2,88%,113,0.057,1,2,,,,,,,,
180,5.538208,91,1,,,,,,,,,,,,,
180,7.317017,91,0,,,,,,,,,,,,,
181,4.62085,77,1,88%,76,0.038,3,,,,,,,,,
181,4.880127,99,0,,,,,,,,,,,,,
183,4.247925,79,1,77%,54,0.027,1,1,,,,,,,,
183,9.267334,75,0,,,,,,,,,,,,,
184,2.799927,86,2,74%,72,0.036,2,,,,,,,,,
184,7.02002,79,1,,,,,,,,,,,,,
184,15.70105,57,0,,,,,,,,,,,,,
186,6.104736,69,3,87%,148,0.074,3,,,,,,,,,
186,6.625,97,2,,,,,,,,,,,,,
186,7.504272,96,1,,,,,,,,,,,,,
186,10.38696,86,0,,,,,,,,,,,,,
188,3.209229,84,3,89%,155,0.078,1,2,,,,,,,,
188,6.510254,83,2,,,,,,,,,,,,,
188,6.768188,99,1,,,,,,,,,,,,,
188,8.988159,89,0,,,,,,,,,,,,,
189,9.319824,53,1,73%,46,0.023,3,,,,,,,,,
189,10.80176,93,0,,,,,,,,,,,,,
190,4.518066,77,3,87%,149,0.075,3,,,,,,,,,
190,8.118286,82,2,,,,,,,,,,,,,
190,8.89917,96,1,,,,,,,,,,,,,
190,10.09973,94,0,,,,,,,,,,,,,
191,6.999146,65,2,84%,101,0.051,3,,,,,,,,,
191,8.999756,90,1,,,,,,,,,,,,,
191,9.800415,96,0,,,,,,,,,,,,,
192,1.718994,91,2,89%,117,0.059,1,2,,,,,,,,
192,5.019165,83,1,,,,,,,,,,,,,
192,6.399658,93,0,,,,,,,,,,,,,
193,5.218872,74,2,81%,94,0.047,1,1,,,,,,,,
193,10.69922,73,1,,,,,,,,,,,,,
193,11.22034,97,0,,,,,,,,,,,,,
194,7.580566,62,1,80%,60,0.030,3,,,,,,,,,
194,7.978638,98,0,,,,,,,,,,,,,
195,2.619263,87,2,89%,116,0.058,1,2,,,,,,,,
195,5.220459,87,1,,,,,,,,,,,,,
195,6.820068,92,0,,,,,,,,,,,,,
196,3.539063,82,2,83%,99,0.050,1,2,,,,,,,,
196,7.381348,81,1,,,,,,,,,,,,,
196,10.18054,86,0,,,,,,,,,,,,,
197,2.64209,87,2,89%,116,0.058,1,2,,,,,,,,
197,4.161377,92,1,,,,,,,,,,,,,
197,6.742676,87,0,,,,,,,,,,,,,
198,5.018921,75,2,90%,119,0.060,3,,,,,,,,,
198,5.278442,99,1,,,,,,,,,,,,,
198,6.220459,95,0,,,,,,,,,,,,,
199,5.101318,74,1,74%,48,0.024,1,1,,,,,,,,
199,10.39954,74,0,,,,,,,,,,,,,
200,2.939453,85,2,80%,90,0.045,1,2,,,,,,,,
200,6.781128,81,1,,,,,,,,,,,,,
200,11.97876,74,0,,,,,,,,,,,,,
201,6.319702,68,2,86%,109,0.055,3,,,,,,,,,
201,7.919312,92,1,,,,,,,,,,,,,
201,8.179565,99,0,,,,,,,,,,,,,
204,9.118774,54,1,64%,27,0.014,3,,,,,,,,,
204,14.6001,73,0,,,,,,,,,,,,,
205,6.799438,66,1,64%,27,0.014,1,1,,,,,,,,
205,14.60559,61,0,,,,,,,,,,,,,
206,2.694092,87,3,88%,152,0.076,1,2,,,,,,,,
206,3.213135,97,2,,,,,,,,,,,,,
206,4.195801,95,1,,,,,,,,,,,,,
206,9.496094,73,0,,,,,,,,,,,,,
207,2.416748,88,3,83%,132,0.066,2,,,,,,,,,
207,9.115967,67,2,,,,,,,,,,,,,
207,10.51587,93,1,,,,,,,,,,,,,
207,13.79858,84,0,,,,,,,,,,,,,
210,6.114258,69,1,80%,59,0.030,3,,,,,,,,,
210,8.11499,90,0,,,,,,,,,,,,,
212,6.709473,66,2,85%,105,0.053,3,,,,,,,,,
212,7.107666,98,1,,,,,,,,,,,,,
212,8.908691,91,0,,,,,,,,,,,,,
214,8.721191,56,1,72%,43,0.022,3,,,,,,,,,
214,11.32007,87,0,,,,,,,,,,,,,
215,7.619629,62,1,80%,59,0.030,3,,,,,,,,,
215,8.138184,97,0,,,,,,,,,,,,,
217,4.558594,77,2,89%,117,0.059,3,,,,,,,,,
217,5.077637,97,1,,,,,,,,,,,,,
217,6.539795,93,0,,,,,,,,,,,,,
218,5.158447,74,2,84%,101,0.051,1,1,,,,,,,,
218,6.100342,95,1,,,,,,,,,,,,,
218,9.799805,82,0,,,,,,,,,,,,,
219,6.301025,68,1,80%,60,0.030,3,,,,,,,,,
219,7.998535,92,0,,,,,,,,,,,,,
220,2.861084,86,1,73%,45,0.023,2,,,,,,,,,
220,11.12012,59,0,,,,,,,,,,,,,
221,3.439453,83,1,89%,78,0.039,1,2,,,,,,,,
221,4.341064,95,0,,,,,,,,,,,,,
223,4.430664,78,1,79%,58,0.029,1,1,,,,,,,,
223,8.51001,80,0,,,,,,,,,,,,,
224,3.918945,80,2,91%,123,0.062,1,2,,,,,,,,
224,4.760254,96,1,,,,,,,,,,,,,
224,5.299805,97,0,,,,,,,,,,,,,
226,2.029053,90,2,93%,129,0.065,1,2,,,,,,,,
226,3.429932,93,1,,,,,,,,,,,,,
226,4.309814,96,0,,,,,,,,,,,,,
227,6.548584,67,2,81%,92,0.046,3,,,,,,,,,
227,7.327881,96,1,,,,,,,,,,,,,
227,11.5686,79,0,,,,,,,,,,,,,
228,4.320068,78,2,90%,120,0.060,3,,,,,,,,,
228,4.838623,97,1,,,,,,,,,,,,,
228,5.820313,95,0,,,,,,,,,,,,,
229,4.60083,77,1,79%,58,0.029,1,1,,,,,,,,
229,8.461426,81,0,,,,,,,,,,,,,
232,2.768066,86,1,82%,64,0.032,1,1,,,,,,,,
232,7.109619,78,0,,,,,,,,,,,,,
233,7.558594,62,2,83%,100,0.050,3,,,,,,,,,
233,7.817383,99,1,,,,,,,,,,,,,
233,10.1001,89,0,,,,,,,,,,,,,
234,10.72021,46,1,71%,49,0.025,3,,,,,,,,,
234,11.79932,95,0,,,,,,,,,,,,,
235,6.919678,65,1,63%,26,0.013,1,1,,,,,,,,
235,14.71875,61,0,,,,,,,,,,,,,
236,2.800049,86,3,91%,162,0.081,1,2,,,,,,,,
236,3.781494,95,2,,,,,,,,,,,,,
236,4.482178,96,1,,,,,,,,,,,,,
236,7.582031,85,0,,,,,,,,,,,,,
237,2.219971,89,2,88%,113,0.057,1,2,,,,,,,,
237,4.158691,90,1,,,,,,,,,,,,,
237,7.457031,84,0,,,,,,,,,,,,,
238,5.461182,73,1,82%,64,0.032,3,,,,,,,,,
238,7.243652,91,0,,,,,,,,,,,,,
239,8.618896,57,1,55%,10,0.005,1,1,,,,,,,,
239,18.1189,53,0,,,,,,,,,,,,,
240,2.799805,86,1,80%,60,0.030,1,2,,,,,,,,
240,7.900146,74,0,,,,,,,,,,,,,
242,5.9021,70,2,85%,106,0.053,3,,,,,,,,,
242,7.199707,94,1,,,,,,,,,,,,,
242,8.701416,92,0,,,,,,,,,,,,,
243,10.58179,47,1,71%,48,0.024,3,,,,,,,,,
243,11.68018,95,0,,,,,,,,,,,,,
246,10.08838,50,2,73%,69,0.035,3,,,,,,,,,
246,12.10596,90,1,,,,,,,,,,,,,
246,16.34521,79,0,,,,,,,,,,,,,
247,4.604492,77,1,82%,64,0.032,1,2,,,,,,,,
247,7.303955,87,0,,,,,,,,,,,,,
249,3.451416,83,2,83%,100,0.050,2,,,,,,,,,
249,3.712646,99,1,,,,,,,,,,,,,
249,10.03198,68,0,,,,,,,,,,,,,
253,1.351318,93,3,91%,164,0.082,1,2,,,,,,,,
253,4.989746,82,2,,,,,,,,,,,,,
253,5.248535,99,1,,,,,,,,,,,,,
253,7.14917,90,0,,,,,,,,,,,,,
255,4.005859,80,2,90%,120,0.060,3,,,,,,,,,
255,4.905762,96,1,,,,,,,,,,,,,
255,6.024902,94,0,,,,,,,,,,,,,
256,3.364014,83,3,86%,142,0.071,1,2,,,,,,,,
256,5.025391,92,2,,,,,,,,,,,,,
256,6.623291,92,1,,,,,,,,,,,,,
256,11.70386,75,0,,,,,,,,,,,,,
257,4.319824,78,1,79%,58,0.029,1,1,,,,,,,,
257,8.398926,80,0,,,,,,,,,,,,,
259,5.232666,74,2,80%,90,0.045,3,,,,,,,,,
259,10.67334,73,1,,,,,,,,,,,,,
259,12.07324,93,0,,,,,,,,,,,,,
260,1.718262,91,2,91%,123,0.062,1,2,,,,,,,,
260,2.239014,97,1,,,,,,,,,,,,,
260,5.320313,85,0,,,,,,,,,,,,,
261,5.787842,71,2,82%,97,0.049,1,2,,,,,,,,
261,8.528076,86,1,,,,,,,,,,,,,
261,10.56885,90,0,,,,,,,,,,,,,
262,2.918457,85,1,76%,51,0.026,2,,,,,,,,,
262,9.800293,66,0,,,,,,,,,,,,,
264,4.312744,78,3,89%,155,0.078,1,2,,,,,,,,
264,4.571533,99,2,,,,,,,,,,,,,
264,5.45166,96,1,,,,,,,,,,,,,
264,8.992676,82,0,,,,,,,,,,,,,
265,10.30078,48,1,69%,41,0.021,3,,,,,,,,,
265,12.50122,89,0,,,,,,,,,,,,,
266,5.500488,72,1,86%,71,0.036,3,,,,,,,,,
266,5.757813,99,0,,,,,,,,,,,,,
268,9.618164,52,1,74%,47,0.024,3,,,,,,,,,
268,10.51929,95,0,,,,,,,,,,,,,
269,8.281738,59,1,76%,52,0.026,3,,,,,,,,,
269,9.700684,93,0,,,,,,,,,,,,,
270,4.698975,77,1,83%,66,0.033,1,2,,,,,,,,
270,6.980225,89,0,,,,,,,,,,,,,
271,1.579346,92,2,71%,70,0.035,2,,,,,,,,,
271,6.658691,75,1,,,,,,,,,,,,,
271,17.19971,47,0,,,,,,,,,,,,,
272,5.537109,72,2,80%,89,0.045,3,,,,,,,,,
272,9.437744,80,1,,,,,,,,,,,,,
272,12.11865,87,0,,,,,,,,,,,,,
273,1.320068,93,2,87%,110,0.055,2,,,,,,,,,
273,5.939453,77,1,,,,,,,,,,,,,
273,7.919678,90,0,,,,,,,,,,,,,
274,5.700195,71,1,74%,48,0.024,1,1,,,,,,,,
274,10.29956,77,0,,,,,,,,,,,,,
277,1.450439,93,1,78%,55,0.028,2,,,,,,,,,
277,9.03418,62,0,,,,,,,,,,,,,
278,8.493896,58,2,82%,97,0.049,3,,,,,,,,,
278,9.274902,96,1,,,,,,,,,,,,,
278,10.69385,93,0,,,,,,,,,,,,,
279,5.879395,71,2,87%,110,0.055,3,,,,,,,,,
279,7.338623,93,1,,,,,,,,,,,,,
279,8.198486,96,0,,,,,,,,,,,,,
281,6.652344,67,1,77%,54,0.027,3,,,,,,,,,
281,9.251465,87,0,,,,,,,,,,,,,
282,2.602295,87,3,93%,173,0.087,1,2,,,,,,,,
282,3.621826,95,2,,,,,,,,,,,,,
282,4.859863,94,1,,,,,,,,,,,,,
282,5.502197,97,0,,,,,,,,,,,,,
284,11.05298,45,1,58%,26,0.013,3,,,,,,,,,
284,16.77051,71,0,,,,,,,,,,,,,
285,10.88135,46,1,71%,50,0.025,3,,,,,,,,,
285,11.58325,96,0,,,,,,,,,,,,,
286,1.318848,93,2,91%,112,0.056,1,2,,,,,,,,
286,4.81665,83,1,,,,,,,,,,,,,
286,5.698242,96,0,,,,,,,,,,,,,
287,4.418945,78,2,90%,121,0.061,3,,,,,,,,,
287,5.418945,95,1,,,,,,,,,,,,,
287,5.800293,98,0,,,,,,,,,,,,,
288,6.057861,70,2,85%,104,0.052,3,,,,,,,,,
288,8.219238,89,1,,,,,,,,,,,,,
288,9.318359,95,0,,,,,,,,,,,,,
290,2.891113,86,2,84%,101,0.051,1,2,,,,,,,,
290,6.150146,84,1,,,,,,,,,,,,,
290,10.03296,81,0,,,,,,,,,,,,,
291,3.617432,82,2,91%,123,0.062,1,2,,,,,,,,
291,3.879395,99,1,,,,,,,,,,,,,
291,5.419678,92,0,,,,,,,,,,,,,
292,5.486084,73,2,84%,102,0.051,1,2,,,,,,,,
292,6.367188,96,1,,,,,,,,,,,,,
292,9.786377,83,0,,,,,,,,,,,,,
293,3.202393,84,2,82%,95,0.048,2,,,,,,,,,
293,3.78125,97,1,,,,,,,,,,,,,
293,10.98242,64,0,,,,,,,,,,,,,
294,1.618652,92,3,91%,165,0.083,1,2,,,,,,,,
294,3.557617,90,2,,,,,,,,,,,,,
294,3.819092,99,1,,,,,,,,,,,,,
294,7.100098,84,0,,,,,,,,,,,,,
295,8.419678,58,1,77%,53,0.027,3,,,,,,,,,
295,9.357178,95,0,,,,,,,,,,,,,
296,2.1604,89,2,86%,109,0.055,1,2,,,,,,,,
296,5.6604,83,1,,,,,,,,,,,,,
296,8.342285,87,0,,,,,,,,,,,,,
297,11.31787,43,2,77%,96,0.048,3,,,,,,,,,
297,12.79932,93,1,,,,,,,,,,,,,
297,13.5,96,0,,,,,,,,,,,,,
300,4.9646,75,3,86%,143,0.072,3,,,,,,,,,
300,7.145996,89,2,,,,,,,,,,,,,
300,8.246582,94,1,,,,,,,,,,,,,
300,11.20508,85,0,,,,,,,,,,,,,
301,3.559326,82,1,82%,64,0.032,1,2,,,,,,,,
301,7.139893,82,0,,,,,,,,,,,,,
302,9.601074,52,1,74%,47,0.024,3,,,,,,,,,
302,10.70093,95,0,,,,,,,,,,,,,
303,1.718506,91,3,83%,130,0.065,2,,,,,,,,,
303,4.818115,85,2,,,,,,,,,,,,,
303,5.339355,97,1,,,,,,,,,,,,,
303,13.90186,57,0,,,,,,,,,,,,,
304,3.798096,81,2,90%,120,0.060,1,2,,,,,,,,
304,4.917969,94,1,,,,,,,,,,,,,
304,5.956543,95,0,,,,,,,,,,,,,
305,1.761475,91,3,87%,146,0.073,1,2,,,,,,,,
305,4.561279,86,2,,,,,,,,,,,,,
305,4.820557,99,1,,,,,,,,,,,,,
305,10.74121,70,0,,,,,,,,,,,,,
306,3.80127,81,1,80%,60,0.030,1,2,,,,,,,,
306,7.999512,79,0,,,,,,,,,,,,,
307,1.220215,94,3,83%,132,0.066,2,,,,,,,,,
307,2.919434,92,2,,,,,,,,,,,,,
307,8.618652,72,1,,,,,,,,,,,,,
307,13.90112,74,0,,,,,,,,,,,,,
310,4.973389,75,1,87%,74,0.037,3,,,,,,,,,
310,5.233643,99,0,,,,,,,,,,,,,
312,4.300049,78,2,90%,121,0.061,3,,,,,,,,,
312,4.820557,97,1,,,,,,,,,,,,,
312,5.54126,96,0,,,,,,,,,,,,,
313,2.059326,90,2,83%,99,0.050,1,2,,,,,,,,
313,4.359375,88,1,,,,,,,,,,,,,
313,10.14087,71,0,,,,,,,,,,,,,
314,4.999023,75,1,84%,67,0.034,3,,,,,,,,,
314,6.600586,92,0,,,,,,,,,,,,,
317,3.933594,80,1,89%,77,0.039,1,2,,,,,,,,
317,4.452881,97,0,,,,,,,,,,,,,
319,4.280029,79,1,86%,71,0.036,3,,,,,,,,,
319,5.880371,92,0,,,,,,,,,,,,,
320,3.140137,84,1,73%,46,0.023,2,,,,,,,,,
320,10.78101,62,0,,,,,,,,,,,,,
321,4.317871,78,1,76%,52,0.026,1,1,,,,,,,,
321,9.519287,74,0,,,,,,,,,,,,,
322,5.098389,75,2,89%,116,0.058,3,,,,,,,,,
322,6.199219,94,1,,,,,,,,,,,,,
322,6.839111,97,0,,,,,,,,,,,,,
323,2.634521,87,2,91%,124,0.062,1,2,,,,,,,,
323,3.854004,94,1,,,,,,,,,,,,,
323,5.334229,93,0,,,,,,,,,,,,,
324,4.720215,76,2,90%,119,0.060,3,,,,,,,,,
324,4.980469,99,1,,,,,,,,,,,,,
324,6.260986,94,0,,,,,,,,,,,,,
325,3.360596,83,2,90%,120,0.060,1,2,,,,,,,,
325,5.241455,91,1,,,,,,,,,,,,,
325,6.039307,96,0,,,,,,,,,,,,,
326,1.227539,94,1,88%,75,0.038,1,2,,,,,,,,
326,4.928711,81,0,,,,,,,,,,,,,
328,3.632568,82,2,91%,122,0.061,1,2,,,,,,,,
328,5.034424,93,1,,,,,,,,,,,,,
328,5.553223,97,0,,,,,,,,,,,,,
330,11.84058,41,1,67%,52,0.026,3,,,,,,,,,
330,13.34058,93,0,,,,,,,,,,,,,
331,9.31958,53,1,70%,39,0.020,3,,,,,,,,,
331,12.09937,86,0,,,,,,,,,,,,,
334,4.927979,75,1,75%,49,0.025,1,1,,,,,,,,
334,10.18774,74,0,,,,,,,,,,,,,
335,9.141602,54,2,79%,88,0.044,3,,,,,,,,,
335,12.18115,85,1,,,,,,,,,,,,,
335,12.43921,99,0,,,,,,,,,,,,,
336,2.861816,86,2,85%,106,0.053,1,2,,,,,,,,
336,6.141602,84,1,,,,,,,,,,,,,
336,8.860596,86,0,,,,,,,,,,,,,
337,3.951416,80,1,88%,75,0.038,1,2,,,,,,,,
337,4.991455,95,0,,,,,,,,,,,,,
338,2.159912,89,2,85%,104,0.052,2,,,,,,,,,
338,3.959961,91,1,,,,,,,,,,,,,
338,9.240479,74,0,,,,,,,,,,,,,
339,4.017578,80,2,89%,116,0.058,3,,,,,,,,,
339,6.419189,88,1,,,,,,,,,,,,,
339,6.801025,98,0,,,,,,,,,,,,,
342,4.52002,77,1,87%,73,0.037,3,,,,,,,,,
342,5.318115,96,0,,,,,,,,,,,,,
344,5.593018,72,1,84%,68,0.034,3,,,,,,,,,
344,6.473877,96,0,,,,,,,,,,,,,
345,3.058105,85,1,85%,70,0.035,1,2,,,,,,,,
345,6.119141,85,0,,,,,,,,,,,,,
347,3.649414,82,3,84%,134,0.067,1,2,,,,,,,,
347,4.849365,94,2,,,,,,,,,,,,,
347,7.430664,87,1,,,,,,,,,,,,,
347,13.23242,71,0,,,,,,,,,,,,,
348,5.718018,71,2,87%,110,0.055,3,,,,,,,,,
348,6.957275,94,1,,,,,,,,,,,,,
348,7.956299,95,0,,,,,,,,,,,,,
349,4.761963,76,1,80%,59,0.030,1,2,,,,,,,,
349,8.257324,83,0,,,,,,,,,,,,,
350,9.559814,52,2,75%,76,0.038,3,,,,,,,,,
350,10.65991,94,1,,,,,,,,,,,,,
350,14.64087,80,0,,,,,,,,,,,,,
352,1.181396,94,2,91%,122,0.061,1,2,,,,,,,,
352,1.700439,97,1,,,,,,,,,,,,,
352,5.580078,81,0,,,,,,,,,,,,,
354,7.030273,65,1,75%,50,0.025,3,,,,,,,,,
354,10.03076,85,0,,,,,,,,,,,,,
355,1.573242,92,3,84%,135,0.068,2,,,,,,,,,
355,4.8125,84,2,,,,,,,,,,,,,
355,5.072021,99,1,,,,,,,,,,,,,
355,13.15381,60,0,,,,,,,,,,,,,
356,7.320068,63,1,80%,59,0.030,3,,,,,,,,,
356,8.200195,96,0,,,,,,,,,,,,,
357,2.818604,86,2,90%,120,0.060,1,2,,,,,,,,
357,4.599121,91,1,,,,,,,,,,,,,
357,5.899902,93,0,,,,,,,,,,,,,
359,9.193115,54,1,67%,59,0.030,3,,,,,,,,,
359,13.49219,79,0,,,,,,,,,,,,,
361,4.618896,77,2,84%,101,0.051,3,,,,,,,,,
361,9.301025,77,1,,,,,,,,,,,,,
361,9.819824,97,0,,,,,,,,,,,,,
363,5.001953,75,3,90%,159,0.080,1,2,,,,,,,,
363,7.101074,90,2,,,,,,,,,,,,,
363,7.360107,99,1,,,,,,,,,,,,,
363,8.30249,95,0,,,,,,,,,,,,,
364,5.298584,74,1,76%,51,0.026,1,1,,,,,,,,
364,9.87793,77,0,,,,,,,,,,,,,
365,8.020752,60,1,79%,57,0.029,3,,,,,,,,,
365,8.539551,97,0,,,,,,,,,,,,,
366,10.18115,49,1,73%,48,0.024,3,,,,,,,,,
366,10.70093,97,0,,,,,,,,,,,,,
367,3.391357,83,3,79%,122,0.061,2,,,,,,,,,
367,4.991211,92,2,,,,,,,,,,,,,
367,6.129883,94,1,,,,,,,,,,,,,
367,16.82935,47,0,,,,,,,,,,,,,
368,4.94043,75,1,86%,71,0.036,3,,,,,,,,,
368,5.799316,96,0,,,,,,,,,,,,,
369,1.661865,92,2,90%,119,0.060,1,2,,,,,,,,
369,4.662109,85,1,,,,,,,,,,,,,
369,6.362061,92,0,,,,,,,,,,,,,
371,3.436523,83,2,89%,118,0.059,1,2,,,,,,,,
371,4.936523,93,1,,,,,,,,,,,,,
371,6.57666,92,0,,,,,,,,,,,,,
373,4.600342,77,3,91%,165,0.083,3,,,,,,,,,
373,5.282227,97,2,,,,,,,,,,,,,
373,6.783203,92,1,,,,,,,,,,,,,
373,7.081543,99,0,,,,,,,,,,,,,
374,6.517578,67,2,84%,101,0.051,3,,,,,,,,,
374,7.301514,96,1,,,,,,,,,,,,,
374,9.701904,88,0,,,,,,,,,,,,,
375,1.598877,92,2,74%,79,0.040,2,,,,,,,,,
375,12.49854,46,1,,,,,,,,,,,,,
375,15.90015,83,0,,,,,,,,,,,,,
376,4.717041,76,1,64%,79,0.040,2,,,,,,,,,
376,14.29956,52,0,,,,,,,,,,,,,
377,13.29883,34,1,66%,64,0.032,3,,,,,,,,,
377,13.69922,98,0,,,,,,,,,,,,,
379,1.312012,93,3,92%,168,0.084,1,2,,,,,,,,
379,3.51001,89,2,,,,,,,,,,,,,
379,5.450439,90,1,,,,,,,,,,,,,
379,6.291748,96,0,,,,,,,,,,,,,
380,5.619141,72,2,75%,75,0.038,2,,,,,,,,,
380,14.6189,55,1,,,,,,,,,,,,,
380,14.99951,98,0,,,,,,,,,,,,,
381,3.020996,85,1,85%,69,0.035,1,2,,,,,,,,
381,6.320313,84,0,,,,,,,,,,,,,
382,3.659424,82,1,87%,73,0.037,1,2,,,,,,,,
382,5.399902,91,0,,,,,,,,,,,,,
383,1.699219,92,2,76%,63,0.032,2,,,,,,,,,
383,9.800537,59,1,,,,,,,,,,,,,
383,17.38062,62,0,,,,,,,,,,,,,
384,5.219727,74,2,67%,63,0.032,2,,,,,,,,,
384,8.600098,83,1,,,,,,,,,,,,,
384,19.71924,44,0,,,,,,,,,,,,,
386,5.294189,74,3,91%,162,0.081,3,,,,,,,,,
386,5.554443,99,2,,,,,,,,,,,,,
386,7.074951,92,1,,,,,,,,,,,,,
386,7.575439,97,0,,,,,,,,,,,,,
387,11.51807,42,1,66%,48,0.024,3,,,,,,,,,
387,13.6001,90,0,,,,,,,,,,,,,
388,8.018066,60,2,84%,101,0.051,3,,,,,,,,,
388,9.018066,95,1,,,,,,,,,,,,,
388,9.800049,96,0,,,,,,,,,,,,,
389,2.119385,89,1,84%,67,0.034,1,2,,,,,,,,
389,6.520264,78,0,,,,,,,,,,,,,
390,1.498779,93,1,85%,70,0.035,2,,,,,,,,,
390,6.179688,77,0,,,,,,,,,,,,,
393,8.878662,56,1,77%,53,0.027,3,,,,,,,,,
393,9.399414,97,0,,,,,,,,,,,,,
395,3.600098,82,1,80%,60,0.030,1,2,,,,,,,,
395,8.079346,78,0,,,,,,,,,,,,,
396,5.074463,75,1,79%,58,0.029,1,2,,,,,,,,
396,8.572998,83,0,,,,,,,,,,,,,
397,3.999268,80,1,78%,56,0.028,1,2,,,,,,,,
397,8.739502,76,0,,,,,,,,,,,,,
398,4.017822,80,1,56%,48,0.024,2,,,,,,,,,
398,17.71729,32,0,,,,,,,,,,,,,
400,3.174316,84,1,85%,69,0.035,1,2,,,,,,,,
400,6.174072,85,0,,,,,,,,,,,,,
401,4.360352,78,2,88%,115,0.058,3,,,,,,,,,
401,5.398438,95,1,,,,,,,,,,,,,
401,7.040283,92,0,,,,,,,,,,,,,
402,2.432373,88,2,72%,67,0.034,2,,,,,,,,,
402,9.914307,63,1,,,,,,,,,,,,,
402,16.73242,66,0,,,,,,,,,,,,,
403,2.399658,88,2,82%,95,0.048,2,,,,,,,,,
403,10.58228,59,1,,,,,,,,,,,,,
403,11.08081,98,0,,,,,,,,,,,,,
404,7.518799,62,2,71%,63,0.032,3,,,,,,,,,
404,8.720459,94,1,,,,,,,,,,,,,
404,17.30127,57,0,,,,,,,,,,,,,
406,1.55127,92,3,88%,152,0.076,1,2,,,,,,,,
406,3.052734,92,2,,,,,,,,,,,,,
406,6.732422,82,1,,,,,,,,,,,,,
406,9.534912,86,0,,,,,,,,,,,,,
407,10.21899,49,1,72%,46,0.023,3,,,,,,,,,
407,11.198,95,0,,,,,,,,,,,,,
409,4.976807,75,1,83%,66,0.033,3,,,,,,,,,
409,6.775635,91,0,,,,,,,,,,,,,
411,1.969238,90,2,82%,95,0.048,2,,,,,,,,,
411,6.650879,77,1,,,,,,,,,,,,,
411,11.05078,78,0,,,,,,,,,,,,,
412,6.740234,66,2,78%,85,0.043,3,,,,,,,,,
412,8.644043,90,1,,,,,,,,,,,,,
412,12.80029,79,0,,,,,,,,,,,,,
413,3.459473,83,2,82%,95,0.048,2,,,,,,,,,
413,3.978516,97,1,,,,,,,,,,,,,
413,10.99902,65,0,,,,,,,,,,,,,
414,3.261719,84,3,84%,136,0.068,2,,,,,,,,,
414,4.260254,95,2,,,,,,,,,,,,,
414,5.142578,96,1,,,,,,,,,,,,,
414,13.00146,61,0,,,,,,,,,,,,,
416,6.048828,70,3,88%,153,0.077,3,,,,,,,,,
416,6.307129,99,2,,,,,,,,,,,,,
416,6.568359,99,1,,,,,,,,,,,,,
416,9.628906,85,0,,,,,,,,,,,,,
417,5.523438,72,1,84%,67,0.034,3,,,,,,,,,
417,6.5,95,0,,,,,,,,,,,,,
419,4.659668,77,3,82%,127,0.064,3,,,,,,,,,
419,6.959961,88,2,,,,,,,,,,,,,
419,8.499512,92,1,,,,,,,,,,,,,
419,14.44092,70,0,,,,,,,,,,,,,
420,8.400391,58,1,78%,55,0.028,3,,,,,,,,,
420,9,97,0,,,,,,,,,,,,,
422,6.422852,68,1,80%,60,0.030,3,,,,,,,,,
422,7.923828,92,0,,,,,,,,,,,,,
423,1.924316,90,2,92%,126,0.063,1,2,,,,,,,,
423,3.723145,91,1,,,,,,,,,,,,,
423,4.804688,95,0,,,,,,,,,,,,,
424,3.52002,82,2,88%,114,0.057,1,2,,,,,,,,
424,6.300293,86,1,,,,,,,,,,,,,
424,7.19873,96,0,,,,,,,,,,,,,
425,3.52002,82,1,85%,69,0.035,1,2,,,,,,,,
425,6.020508,87,0,,,,,,,,,,,,,
426,1.898438,91,2,82%,95,0.048,1,2,,,,,,,,
426,7.28125,73,1,,,,,,,,,,,,,
426,11.13867,81,0,,,,,,,,,,,,,
428,1.250488,94,2,72%,65,0.033,2,,,,,,,,,
428,7.950195,67,1,,,,,,,,,,,,,
428,17.23145,54,0,,,,,,,,,,,,,
430,5.856934,71,2,84%,101,0.051,3,,,,,,,,,
430,7.240234,93,1,,,,,,,,,,,,,
430,9.938477,87,0,,,,,,,,,,,,,
432,2.770996,86,1,87%,73,0.037,1,2,,,,,,,,
432,5.454102,87,0,,,,,,,,,,,,,
433,4.571289,77,1,76%,51,0.026,1,1,,,,,,,,
433,9.751953,74,0,,,,,,,,,,,,,
435,3.679199,82,1,84%,68,0.034,1,2,,,,,,,,
435,6.461426,86,0,,,,,,,,,,,,,
436,4.018555,80,1,87%,74,0.037,3,,,,,,,,,
436,5.216797,94,0,,,,,,,,,,,,,
437,4.402344,78,1,86%,72,0.036,3,,,,,,,,,
437,5.641602,94,0,,,,,,,,,,,,,
438,7.459473,63,1,78%,56,0.028,3,,,,,,,,,
438,8.760742,93,0,,,,,,,,,,,,,
440,9.111816,54,1,75%,49,0.025,3,,,,,,,,,
440,10.10986,95,0,,,,,,,,,,,,,
441,4.120117,79,1,89%,78,0.039,3,,,,,,,,,
441,4.380859,99,0,,,,,,,,,,,,,
442,2.23877,89,1,91%,81,0.041,1,2,,,,,,,,
442,3.839844,92,0,,,,,,,,,,,,,
443,4.906738,75,1,84%,68,0.034,3,,,,,,,,,
443,6.405273,93,0,,,,,,,,,,,,,
444,4.067871,80,2,81%,92,0.046,1,1,,,,,,,,
444,8.668945,77,1,,,,,,,,,,,,,
444,11.64893,85,0,,,,,,,,,,,,,
445,6.380859,68,2,86%,107,0.054,3,,,,,,,,,
445,8.381836,90,1,,,,,,,,,,,,,
445,8.681641,99,0,,,,,,,,,,,,,
446,10.354,48,1,73%,49,0.025,3,,,,,,,,,
446,11.01172,97,0,,,,,,,,,,,,,
447,5.441406,73,1,84%,68,0.034,3,,,,,,,,,
447,6.342285,95,0,,,,,,,,,,,,,
449,3.458008,83,3,86%,144,0.072,1,2,,,,,,,,
449,5.65625,89,2,,,,,,,,,,,,,
449,9.756836,79,1,,,,,,,,,,,,,
449,11.23779,93,0,,,,,,,,,,,,,
450,6.819336,66,1,69%,37,0.019,1,1,,,,,,,,
450,12.61816,71,0,,,,,,,,,,,,,
451,3.300293,83,1,59%,49,0.025,2,,,,,,,,,
451,16.48193,34,0,,,,,,,,,,,,,
452,2.081055,90,1,87%,74,0.037,1,2,,,,,,,,
452,5.378906,84,0,,,,,,,,,,,,,
453,8.782715,56,1,73%,45,0.023,3,,,,,,,,,
453,10.88281,89,0,,,,,,,,,,,,,
455,5.289063,74,2,88%,115,0.058,3,,,,,,,,,
455,6.168945,96,1,,,,,,,,,,,,,
455,7.12793,95,0,,,,,,,,,,,,,
456,5.561523,72,2,85%,105,0.053,3,,,,,,,,,
456,7.278809,91,1,,,,,,,,,,,,,
456,8.942383,92,0,,,,,,,,,,,,,
457,2.018555,90,3,89%,154,0.077,1,2,,,,,,,,
457,3.518066,93,2,,,,,,,,,,,,,
457,8.41748,76,1,,,,,,,,,,,,,
457,9.418945,95,0,,,,,,,,,,,,,
459,2.923828,85,2,76%,78,0.039,2,,,,,,,,,
459,12.20361,54,1,,,,,,,,,,,,,
459,14.3042,89,0,,,,,,,,,,,,,
460,2.817871,86,2,88%,114,0.057,1,2,,,,,,,,
460,4.898926,90,1,,,,,,,,,,,,,
460,7.200195,88,0,,,,,,,,,,,,,
461,6.211914,69,3,81%,125,0.063,2,,,,,,,,,
461,7.632324,93,2,,,,,,,,,,,,,
461,7.890625,99,1,,,,,,,,,,,,,
461,15.01074,64,0,,,,,,,,,,,,,
463,7.754395,61,1,72%,43,0.022,3,,,,,,,,,
463,11.37354,82,0,,,,,,,,,,,,,
464,5.899414,71,3,89%,157,0.079,3,,,,,,,,,
464,6.939941,95,2,,,,,,,,,,,,,
464,7.199219,99,1,,,,,,,,,,,,,
464,8.881348,92,0,,,,,,,,,,,,,
465,3.218262,84,2,82%,96,0.048,1,2,,,,,,,,
465,7.02002,81,1,,,,,,,,,,,,,
465,10.91895,81,0,,,,,,,,,,,,,
466,1.600098,92,1,73%,45,0.023,2,,,,,,,,,
466,11,53,0,,,,,,,,,,,,,
468,9.931152,50,3,83%,133,0.067,3,,,,,,,,,
468,10.63086,97,2,,,,,,,,,,,,,
468,10.88965,99,1,,,,,,,,,,,,,
468,13.54883,87,0,,,,,,,,,,,,,
469,5.740723,71,3,84%,137,0.069,1,2,,,,,,,,
469,8.039551,89,2,,,,,,,,,,,,,
469,8.818359,96,1,,,,,,,,,,,,,
469,12.58154,81,0,,,,,,,,,,,,,
470,2,90,3,82%,127,0.064,2,,,,,,,,,
470,4.200195,89,2,,,,,,,,,,,,,
470,4.899902,97,1,,,,,,,,,,,,,
470,14.79883,51,0,,,,,,,,,,,,,
472,5.204102,74,2,83%,99,0.050,3,,,,,,,,,
472,9.584473,78,1,,,,,,,,,,,,,
472,10.08496,97,0,,,,,,,,,,,,,
473,1.621094,92,2,85%,105,0.053,1,2,,,,,,,,
473,5.021973,83,1,,,,,,,,,,,,,
473,9.001465,80,0,,,,,,,,,,,,,
474,7.259277,64,1,80%,59,0.030,3,,,,,,,,,
474,8.200684,95,0,,,,,,,,,,,,,
475,2.148438,89,2,86%,108,0.054,1,2,,,,,,,,
475,3.649902,92,1,,,,,,,,,,,,,
475,8.330078,77,0,,,,,,,,,,,,,
476,4.92041,75,2,84%,101,0.051,2,,,,,,,,,
476,5.180664,99,1,,,,,,,,,,,,,
476,9.70166,77,0,,,,,,,,,,,,,
477,1.319336,93,2,87%,111,0.056,2,,,,,,,,,
477,6.618164,74,1,,,,,,,,,,,,,
477,7.797852,94,0,,,,,,,,,,,,,
478,8.722168,56,3,81%,125,0.063,3,,,,,,,,,
478,10.02002,94,2,,,,,,,,,,,,,
478,10.27979,99,1,,,,,,,,,,,,,
478,15.05908,76,0,,,,,,,,,,,,,
479,4.86084,76,2,89%,116,0.058,3,,,,,,,,,
479,6.5625,91,1,,,,,,,,,,,,,
479,6.820313,99,0,,,,,,,,,,,,,
480,6.22168,69,1,64%,27,0.014,1,1,,,,,,,,
480,14.53906,58,0,,,,,,,,,,,,,
481,5.901855,70,2,86%,108,0.054,3,,,,,,,,,
481,7.041992,94,1,,,,,,,,,,,,,
481,8.200195,94,0,,,,,,,,,,,,,
482,3.802734,81,1,88%,75,0.038,1,2,,,,,,,,
482,5.001953,94,0,,,,,,,,,,,,,
483,3.400879,83,2,82%,95,0.048,1,2,,,,,,,,
483,5.880859,88,1,,,,,,,,,,,,,
483,11.17969,74,0,,,,,,,,,,,,,
485,3.625488,82,2,85%,104,0.052,1,2,,,,,,,,
485,4.42627,96,1,,,,,,,,,,,,,
485,9.325684,76,0,,,,,,,,,,,,,
486,3.999512,80,2,89%,116,0.058,1,2,,,,,,,,
486,4.981445,95,1,,,,,,,,,,,,,
486,6.880371,91,0,,,,,,,,,,,,,
487,1.218262,94,1,79%,57,0.029,2,,,,,,,,,
487,8.700195,63,0,,,,,,,,,,,,,
488,4.018066,80,1,82%,64,0.032,1,1,,,,,,,,
488,7.159668,84,0,,,,,,,,,,,,,
489,3.258789,84,1,87%,74,0.037,1,2,,,,,,,,
489,5.260742,90,0,,,,,,,,,,,,,
490,2.269043,89,1,91%,82,0.041,1,2,,,,,,,,
490,3.689941,93,0,,,,,,,,,,,,,
491,6.581055,67,1,81%,62,0.031,3,,,,,,,,,
491,7.680664,95,0,,,,,,,,,,,,,
492,5.058105,75,2,85%,104,0.052,3,,,,,,,,,
492,8.118652,85,1,,,,,,,,,,,,,
492,9.21875,94,0,,,,,,,,,,,,,
495,4.667969,77,1,87%,73,0.037,3,,,,,,,,,
495,5.468262,96,0,,,,,,,,,,,,,
496,3.599609,82,2,84%,101,0.051,1,2,,,,,,,,
496,5.140137,92,1,,,,,,,,,,,,,
496,9.699707,77,0,,,,,,,,,,,,,
498,1.991211,90,1,86%,71,0.036,1,2,,,,,,,,
498,5.791016,81,0,,,,,,,,,,,,,
499,1.500488,92,2,83%,98,0.049,2,,,,,,,,,
499,4.102051,87,1,,,,,,,,,,,,,
499,10.38232,69,0,,,,,,,,,,,,,
500,4.718262,76,2,89%,117,0.059,3,,,,,,,,,
500,5.258789,97,1,,,,,,,,,,,,,
500,6.518555,94,0,,,,,,,,,,,,,
501,1.098633,95,3,86%,145,0.073,2,,,,,,,,,
501,5.400391,78,2,,,,,,,,,,,,,
501,5.92041,97,1,,,,,,,,,,,,,
501,10.83887,75,0,,,,,,,,,,,,,
502,3.661621,82,3,88%,150,0.075,1,2,,,,,,,,
502,5.960938,89,2,,,,,,,,,,,,,
502,9.861328,80,1,,,,,,,,,,,,,
502,10.14307,99,0,,,,,,,,,,,,,
503,5.51709,72,3,81%,125,0.063,1,1,,,,,,,,
503,6.458008,95,2,,,,,,,,,,,,,
503,9.458008,85,1,,,,,,,,,,,,,
503,14.79834,73,0,,,,,,,,,,,,,
504,14.1001,29,1,55%,52,0.026,3,,,,,,,,,
504,17.90088,81,0,,,,,,,,,,,,,
506,4.459961,78,1,86%,72,0.036,3,,,,,,,,,
506,5.658203,94,0,,,,,,,,,,,,,
507,8.299805,59,2,81%,94,0.047,3,,,,,,,,,
507,9.30127,95,1,,,,,,,,,,,,,
507,11.38281,90,0,,,,,,,,,,,,,
508,3.718262,81,2,69%,58,0.029,2,,,,,,,,,
508,8.559082,76,1,,,,,,,,,,,,,
508,18.39893,51,0,,,,,,,,,,,,,
510,5.033691,75,3,88%,153,0.077,3,,,,,,,,,
510,5.553223,97,2,,,,,,,,,,,,,
510,5.813965,99,1,,,,,,,,,,,,,
510,9.433594,82,0,,,,,,,,,,,,,
511,1.200195,94,3,89%,155,0.078,1,2,,,,,,,,
511,7.28125,70,2,,,,,,,,,,,,,
511,7.938965,97,1,,,,,,,,,,,,,
511,9.040039,94,0,,,,,,,,,,,,,
512,5.658203,72,1,78%,55,0.028,1,1,,,,,,,,
512,9.141602,83,0,,,,,,,,,,,,,
513,1.698242,92,2,91%,122,0.061,1,2,,,,,,,,
513,2.618164,95,1,,,,,,,,,,,,,
513,5.619629,85,0,,,,,,,,,,,,,
514,1.998047,90,1,87%,73,0.037,1,2,,,,,,,,
514,5.397949,83,0,,,,,,,,,,,,,
515,8.900391,55,1,65%,29,0.015,3,,,,,,,,,
515,14.08203,74,0,,,,,,,,,,,,,
516,5.217773,74,2,89%,117,0.059,3,,,,,,,,,
516,6.058594,96,1,,,,,,,,,,,,,
516,6.579102,97,0,,,,,,,,,,,,,
518,6.025879,70,3,85%,141,0.071,3,,,,,,,,,
518,8.626465,87,2,,,,,,,,,,,,,
518,9.425293,96,1,,,,,,,,,,,,,
518,11.84375,88,0,,,,,,,,,,,,,
519,3.70166,81,2,88%,114,0.057,1,2,,,,,,,,
519,4.222168,97,1,,,,,,,,,,,,,
519,7.105469,86,0,,,,,,,,,,,,,
520,4.295898,79,1,81%,62,0.031,1,1,,,,,,,,
520,7.73584,83,0,,,,,,,,,,,,,
523,1.890137,91,3,91%,164,0.082,1,2,,,,,,,,
523,5.588867,82,2,,,,,,,,,,,,,
523,6.388184,96,1,,,,,,,,,,,,,
523,7.429199,95,0,,,,,,,,,,,,,
524,5.658691,72,1,81%,61,0.031,1,1,,,,,,,,
524,7.94043,89,0,,,,,,,,,,,,,
525,3.398926,83,2,91%,124,0.062,1,2,,,,,,,,
525,4.559082,94,1,,,,,,,,,,,,,
525,5.200684,97,0,,,,,,,,,,,,,
526,10.30078,48,1,74%,51,0.026,3,,,,,,,,,
526,10.59814,99,0,,,,,,,,,,,,,
527,10.10156,49,1,64%,30,0.015,3,,,,,,,,,
527,14.20264,79,0,,,,,,,,,,,,,
529,5.138672,74,2,77%,82,0.041,3,,,,,,,,,
529,5.658203,97,1,,,,,,,,,,,,,
529,13.47949,61,0,,,,,,,,,,,,,
530,3.960449,80,2,85%,104,0.052,1,2,,,,,,,,
530,8.241211,79,1,,,,,,,,,,,,,
530,9.242188,95,0,,,,,,,,,,,,,
532,6.322266,68,1,82%,63,0.032,3,,,,,,,,,
532,7.240723,95,0,,,,,,,,,,,,,
533,1.201172,94,3,79%,116,0.058,2,,,,,,,,,
533,4.182617,85,2,,,,,,,,,,,,,
533,8.282715,79,1,,,,,,,,,,,,,
533,16.78223,58,0,,,,,,,,,,,,,
534,11.71826,41,2,76%,97,0.049,3,,,,,,,,,
534,12.23877,97,1,,,,,,,,,,,,,
534,14.1167,91,0,,,,,,,,,,,,,
535,2.317871,88,2,84%,102,0.051,1,2,,,,,,,,
535,5.657227,83,1,,,,,,,,,,,,,
535,9.398926,81,0,,,,,,,,,,,,,
537,9.885254,51,1,68%,35,0.018,3,,,,,,,,,
537,13.18457,84,0,,,,,,,,,,,,,
538,4.818848,76,2,84%,102,0.051,2,,,,,,,,,
538,5.399902,97,1,,,,,,,,,,,,,
538,9.599609,79,0,,,,,,,,,,,,,
539,3.160645,84,2,86%,109,0.055,1,2,,,,,,,,
539,7.400391,79,1,,,,,,,,,,,,,
539,8.20166,96,0,,,,,,,,,,,,,
541,9.612793,52,1,72%,43,0.022,3,,,,,,,,,
541,11.5127,91,0,,,,,,,,,,,,,
542,11.81934,41,2,77%,98,0.049,3,,,,,,,,,
542,12.69971,96,1,,,,,,,,,,,,,
542,14.01953,93,0,,,,,,,,,,,,,
545,9.216797,54,1,75%,50,0.025,3,,,,,,,,,
545,9.916992,96,0,,,,,,,,,,,,,
546,2.860352,86,1,88%,75,0.038,1,2,,,,,,,,
546,5.159668,89,0,,,,,,,,,,,,,
548,5.640137,72,3,80%,121,0.061,1,1,,,,,,,,
548,10.74072,74,2,,,,,,,,,,,,,
548,15.64014,76,1,,,,,,,,,,,,,
548,15.93994,99,0,,,,,,,,,,,,,
549,5.817871,71,1,76%,51,0.026,1,1,,,,,,,,
549,9.720215,80,0,,,,,,,,,,,,,
550,10.67969,47,1,72%,50,0.025,3,,,,,,,,,
550,11.19873,97,0,,,,,,,,,,,,,
552,4.668457,77,1,83%,66,0.033,1,1,,,,,,,,
552,6.850098,89,0,,,,,,,,,,,,,
553,1.719238,91,2,92%,126,0.063,1,2,,,,,,,,
553,2.919922,94,1,,,,,,,,,,,,,
553,4.720215,91,0,,,,,,,,,,,,,
554,8.880371,56,1,71%,42,0.021,3,,,,,,,,,
554,11.69873,86,0,,,,,,,,,,,,,
557,3.583984,82,1,80%,60,0.030,1,2,,,,,,,,
557,8.063965,78,0,,,,,,,,,,,,,
558,5.419922,73,1,81%,62,0.031,1,1,,,,,,,,
558,7.619141,89,0,,,,,,,,,,,,,
560,6.045898,70,3,87%,149,0.075,3,,,,,,,,,
560,6.828125,96,2,,,,,,,,,,,,,
560,9.945313,84,1,,,,,,,,,,,,,
560,10.20557,99,0,,,,,,,,,,,,,
561,2.322754,88,2,82%,96,0.048,1,2,,,,,,,,
561,6.342285,80,1,,,,,,,,,,,,,
561,10.84033,78,0,,,,,,,,,,,,,
563,1.216797,94,3,92%,169,0.085,1,2,,,,,,,,
563,4.69873,83,2,,,,,,,,,,,,,
563,4.956543,99,1,,,,,,,,,,,,,
563,6.357422,93,0,,,,,,,,,,,,,
565,3.257324,84,1,89%,78,0.039,1,2,,,,,,,,
565,4.416016,94,0,,,,,,,,,,,,,
566,7.040527,65,1,80%,59,0.030,3,,,,,,,,,
566,8.239746,94,0,,,,,,,,,,,,,
567,4.919434,75,3,85%,138,0.069,3,,,,,,,,,
567,6.019531,94,2,,,,,,,,,,,,,
567,6.539063,97,1,,,,,,,,,,,,,
567,12.20068,72,0,,,,,,,,,,,,,
568,3.218262,84,3,88%,152,0.076,1,2,,,,,,,,
568,3.739746,97,2,,,,,,,,,,,,,
568,7.318359,82,1,,,,,,,,,,,,,
568,9.617188,89,0,,,,,,,,,,,,,
570,5.913086,70,2,86%,108,0.054,3,,,,,,,,,
570,7.61377,91,1,,,,,,,,,,,,,
570,8.193359,97,0,,,,,,,,,,,,,
571,3.15918,84,2,80%,90,0.045,2,,,,,,,,,
571,5.519531,88,1,,,,,,,,,,,,,
571,12.00195,68,0,,,,,,,,,,,,,
572,3.717773,81,1,84%,68,0.034,1,2,,,,,,,,
572,6.299316,87,0,,,,,,,,,,,,,
573,9.212891,54,1,75%,49,0.025,3,,,,,,,,,
573,10.11377,95,0,,,,,,,,,,,,,
575,6.361328,68,1,69%,37,0.019,1,1,,,,,,,,
575,12.66064,69,0,,,,,,,,,,,,,
576,4.871582,76,3,90%,159,0.080,3,,,,,,,,,
576,5.393066,97,2,,,,,,,,,,,,,
576,5.753906,98,1,,,,,,,,,,,,,
576,8.070801,88,0,,,,,,,,,,,,,
577,1.301758,93,1,81%,62,0.031,2,,,,,,,,,
577,7.483887,69,0,,,,,,,,,,,,,
578,4.718262,76,1,86%,71,0.036,3,,,,,,,,,
578,5.658691,95,0,,,,,,,,,,,,,
580,5.800293,71,2,80%,83,0.042,1,1,,,,,,,,
580,8.001953,89,1,,,,,,,,,,,,,
580,13.38184,73,0,,,,,,,,,,,,,
581,2.616699,87,2,91%,122,0.061,1,2,,,,,,,,
581,2.876953,99,1,,,,,,,,,,,,,
581,5.718262,86,0,,,,,,,,,,,,,
582,6.981934,65,2,74%,71,0.036,2,,,,,,,,,
582,7.880859,96,1,,,,,,,,,,,,,
582,15.88135,60,0,,,,,,,,,,,,,
583,13.19971,34,1,58%,47,0.024,3,,,,,,,,,
583,16.99902,81,0,,,,,,,,,,,,,
584,5.719727,71,2,84%,102,0.051,3,,,,,,,,,
584,8.421387,86,1,,,,,,,,,,,,,
584,9.458984,95,0,,,,,,,,,,,,,
586,3.025391,85,1,84%,68,0.034,1,2,,,,,,,,
586,6.359863,83,0,,,,,,,,,,,,,
587,4.218262,79,1,85%,70,0.035,3,,,,,,,,,
587,6.019043,91,0,,,,,,,,,,,,,
588,5.499512,73,1,73%,45,0.023,1,1,,,,,,,,
588,11.08057,72,0,,,,,,,,,,,,,
590,6.885254,66,2,85%,106,0.053,3,,,,,,,,,
590,8.085449,94,1,,,,,,,,,,,,,
590,8.885742,96,0,,,,,,,,,,,,,
591,3.591797,82,3,87%,147,0.074,1,2,,,,,,,,
591,4.108887,97,2,,,,,,,,,,,,,
591,4.990234,96,1,,,,,,,,,,,,,
591,10.57275,72,0,,,,,,,,,,,,,
592,1.216797,94,3,86%,143,0.072,1,2,,,,,,,,
592,2.099121,96,2,,,,,,,,,,,,,
592,7.757813,72,1,,,,,,,,,,,,,
592,11.59912,81,0,,,,,,,,,,,,,
594,9.489258,53,1,76%,51,0.026,3,,,,,,,,,
594,9.891602,98,0,,,,,,,,,,,,,
595,4.675293,77,2,77%,86,0.043,1,1,,,,,,,,
595,9.557129,76,1,,,,,,,,,,,,,
595,12.95898,83,0,,,,,,,,,,,,,
598,7.628418,62,2,80%,89,0.045,3,,,,,,,,,
598,11.06982,83,1,,,,,,,,,,,,,
598,12.28857,94,0,,,,,,,,,,,,,
599,1.800293,91,1,89%,77,0.039,1,2,,,,,,,,
599,4.600586,86,0,,,,,,,,,,,,,
600,1.368164,93,1,91%,82,0.041,1,2,,,,,,,,
600,3.645996,89,0,,,,,,,,,,,,,
601,6.898926,66,1,77%,54,0.027,3,,,,,,,,,
601,9.280273,88,0,,,,,,,,,,,,,
603,1.899902,91,1,89%,78,0.039,1,2,,,,,,,,
603,4.480469,87,0,,,,,,,,,,,,,
604,8.900391,55,1,73%,46,0.023,3,,,,,,,,,
604,10.7002,91,0,,,,,,,,,,,,,
605,3.218262,84,1,86%,72,0.036,1,2,,,,,,,,
605,5.619141,88,0,,,,,,,,,,,,,
607,4.460938,78,1,87%,73,0.037,3,,,,,,,,,
607,5.40332,95,0,,,,,,,,,,,,,
608,1.557129,92,1,82%,63,0.032,2,,,,,,,,,
608,7.35791,71,0,,,,,,,,,,,,,
609,2.199707,89,3,82%,128,0.064,1,2,,,,,,,,
609,8.180176,70,2,,,,,,,,,,,,,
609,11.68164,82,1,,,,,,,,,,,,,
609,14.37891,87,0,,,,,,,,,,,,,
610,2.121582,89,1,84%,67,0.034,1,2,,,,,,,,
610,6.502441,78,0,,,,,,,,,,,,,
611,2.130859,89,2,89%,116,0.058,1,2,,,,,,,,
611,3.932129,91,1,,,,,,,,,,,,,
611,6.814453,86,0,,,,,,,,,,,,,
612,2.999512,85,2,82%,96,0.048,1,2,,,,,,,,
612,5.498047,88,1,,,,,,,,,,,,,
612,10.7998,73,0,,,,,,,,,,,,,
617,1.631836,92,1,89%,77,0.039,1,2,,,,,,,,
617,4.713379,85,0,,,,,,,,,,,,,
618,8.782227,56,3,84%,134,0.067,3,,,,,,,,,
618,11.8418,85,2,,,,,,,,,,,,,
618,12.52148,97,1,,,,,,,,,,,,,
618,13.22217,96,0,,,,,,,,,,,,,
619,6.120605,69,3,81%,125,0.063,2,,,,,,,,,
619,7.219238,95,2,,,,,,,,,,,,,
619,7.999023,96,1,,,,,,,,,,,,,
619,15.05762,65,0,,,,,,,,,,,,,
620,1.761719,91,1,83%,66,0.033,2,,,,,,,,,
620,6.759766,75,0,,,,,,,,,,,,,
621,4.914063,75,1,85%,70,0.035,3,,,,,,,,,
621,5.815918,95,0,,,,,,,,,,,,,
622,11.69971,42,1,69%,53,0.027,3,,,,,,,,,
622,12.79932,95,0,,,,,,,,,,,,,
624,6.573242,67,1,81%,62,0.031,3,,,,,,,,,
624,7.553711,95,0,,,,,,,,,,,,,
625,5.009277,75,1,76%,51,0.026,1,1,,,,,,,,
625,9.790039,76,0,,,,,,,,,,,,,
628,1.772461,91,1,86%,72,0.036,1,2,,,,,,,,
628,5.591309,81,0,,,,,,,,,,,,,
630,3.98584,80,1,81%,62,0.031,1,2,,,,,,,,
630,7.66748,82,0,,,,,,,,,,,,,
631,5.51709,72,2,86%,109,0.055,3,,,,,,,,,
631,7.018555,92,1,,,,,,,,,,,,,
631,7.958008,95,0,,,,,,,,,,,,,
632,1.842285,91,2,85%,104,0.052,2,,,,,,,,,
632,7.840332,70,1,,,,,,,,,,,,,
632,9.340332,93,0,,,,,,,,,,,,,
633,5.319336,73,1,85%,70,0.035,3,,,,,,,,,
633,5.840332,97,0,,,,,,,,,,,,,
634,10.56104,47,2,78%,91,0.046,3,,,,,,,,,
634,11.0791,97,1,,,,,,,,,,,,,
634,12.91895,91,0,,,,,,,,,,,,,
635,8.060059,60,1,79%,57,0.029,3,,,,,,,,,
635,8.660645,97,0,,,,,,,,,,,,,
637,1.250488,94,2,78%,91,0.046,2,,,,,,,,,
637,2.749512,93,1,,,,,,,,,,,,,
637,13.64893,46,0,,,,,,,,,,,,,
638,1.600586,92,1,87%,74,0.037,1,2,,,,,,,,
638,5.102539,82,0,,,,,,,,,,,,,
639,6.779785,66,1,66%,32,0.016,1,1,,,,,,,,
639,13.57861,66,0,,,,,,,,,,,,,
640,4.719238,76,2,90%,120,0.060,3,,,,,,,,,
640,4.988281,99,1,,,,,,,,,,,,,
640,6.019043,95,0,,,,,,,,,,,,,
641,12.78223,36,1,61%,50,0.025,3,,,,,,,,,
641,15.58203,86,0,,,,,,,,,,,,,
643,2.419922,88,1,86%,72,0.036,1,2,,,,,,,,
643,5.619629,84,0,,,,,,,,,,,,,
644,11.33936,43,2,77%,96,0.048,3,,,,,,,,,
644,12.12012,96,1,,,,,,,,,,,,,
644,13.59961,93,0,,,,,,,,,,,,,
645,3.506836,82,2,90%,119,0.060,1,2,,,,,,,,
645,4.741211,94,1,,,,,,,,,,,,,
645,6.182129,93,0,,,,,,,,,,,,,
646,4.817871,76,1,74%,48,0.024,1,1,,,,,,,,
646,10.39893,72,0,,,,,,,,,,,,,
647,4.600586,77,1,70%,39,0.020,1,1,,,,,,,,
647,12.20166,62,0,,,,,,,,,,,,,
649,2.009277,90,2,88%,115,0.058,1,2,,,,,,,,
649,4.708496,87,1,,,,,,,,,,,,,
649,7.089355,88,0,,,,,,,,,,,,,
652,1.907227,90,1,77%,54,0.027,2,,,,,,,,,
652,9.087402,64,0,,,,,,,,,,,,,
654,5.731445,71,1,80%,59,0.030,1,1,,,,,,,,
654,8.114258,88,0,,,,,,,,,,,,,
656,4.55127,77,1,87%,59,0.030,3,,,,,,,,,
656,5.072266,97,0,,,,,,,,,,,,,
658,5.155762,74,3,79%,117,0.059,3,,,,,,,,,
658,8.072754,85,2,,,,,,,,,,,,,
658,9.055176,95,1,,,,,,,,,,,,,
658,16.5127,63,0,,,,,,,,,,,,,
659,11.84131,41,1,69%,55,0.028,3,,,,,,,,,
659,12.5415,96,0,,,,,,,,,,,,,
660,3.21875,84,2,89%,116,0.058,1,2,,,,,,,,
660,3.738281,97,1,,,,,,,,,,,,,
660,6.700195,85,0,,,,,,,,,,,,,
661,3.194824,84,2,89%,117,0.059,1,2,,,,,,,,
661,3.455566,99,1,,,,,,,,,,,,,
661,6.594238,84,0,,,,,,,,,,,,,
662,2.081055,90,2,87%,112,0.056,1,2,,,,,,,,
662,4.72168,87,1,,,,,,,,,,,,,
662,7.684082,85,0,,,,,,,,,,,,,
663,1.117188,94,2,83%,99,0.050,2,,,,,,,,,
663,2.69873,92,1,,,,,,,,,,,,,
663,9.999512,63,0,,,,,,,,,,,,,
664,4.717773,76,2,77%,81,0.041,3,,,,,,,,,
664,12.7002,60,1,,,,,,,,,,,,,
664,13.79932,95,0,,,,,,,,,,,,,
665,2.524902,87,2,78%,85,0.043,2,,,,,,,,,
665,5.445313,85,1,,,,,,,,,,,,,
665,12.92529,63,0,,,,,,,,,,,,,
668,7.749023,61,1,70%,39,0.020,1,1,,,,,,,,
668,12.05127,78,0,,,,,,,,,,,,,
669,3.69873,82,2,80%,89,0.045,1,2,,,,,,,,
669,7.580566,81,1,,,,,,,,,,,,,
669,12.43848,76,0,,,,,,,,,,,,,
672,3.55957,82,2,91%,122,0.061,1,2,,,,,,,,
672,4.639648,95,1,,,,,,,,,,,,,
672,5.559082,95,0,,,,,,,,,,,,,
673,5.980469,70,2,83%,99,0.050,1,1,,,,,,,,
673,6.86084,96,1,,,,,,,,,,,,,
673,10.17773,83,0,,,,,,,,,,,,,
674,3.801758,81,1,69%,37,0.019,2,,,,,,,,,
674,12.70166,56,0,,,,,,,,,,,,,
676,7.538574,62,2,82%,97,0.049,3,,,,,,,,,
676,8.540039,95,1,,,,,,,,,,,,,
676,10.53906,90,0,,,,,,,,,,,,,
677,1.418945,93,1,82%,63,0.032,2,,,,,,,,,
677,7.319336,70,0,,,,,,,,,,,,,
678,6.20166,69,2,80%,91,0.046,3,,,,,,,,,
678,11.68115,73,1,,,,,,,,,,,,,
678,11.97998,99,0,,,,,,,,,,,,,
679,9.420898,53,1,64%,28,0.014,3,,,,,,,,,
679,14.50098,75,0,,,,,,,,,,,,,
680,1.21875,94,1,88%,75,0.038,1,2,,,,,,,,
680,4.958008,81,0,,,,,,,,,,,,,
681,4.542969,77,1,87%,74,0.037,3,,,,,,,,,
681,5.061035,97,0,,,,,,,,,,,,,
682,3.139648,84,2,91%,122,0.061,1,2,,,,,,,,
682,4.700195,92,1,,,,,,,,,,,,,
682,5.581055,96,0,,,,,,,,,,,,,
683,5.249512,74,1,73%,46,0.023,1,1,,,,,,,,
683,10.84863,72,0,,,,,,,,,,,,,
684,6.381836,68,1,83%,65,0.033,3,,,,,,,,,
684,6.899414,97,0,,,,,,,,,,,,,
685,3.700195,81,2,80%,89,0.045,1,2,,,,,,,,
685,7.400391,81,1,,,,,,,,,,,,,
685,11.98145,77,0,,,,,,,,,,,,,
686,6.702148,66,2,77%,81,0.041,2,,,,,,,,,
686,7.800293,95,1,,,,,,,,,,,,,
686,13.80176,70,0,,,,,,,,,,,,,
687,4.918457,75,1,80%,60,0.030,1,1,,,,,,,,
687,7.918945,85,0,,,,,,,,,,,,,
688,2.799316,86,2,86%,107,0.054,1,2,,,,,,,,
688,7.399902,77,1,,,,,,,,,,,,,
688,8.500488,94,0,,,,,,,,,,,,,
689,6.378418,68,1,82%,63,0.032,3,,,,,,,,,
689,7.458984,95,0,,,,,,,,,,,,,
690,2.73877,86,1,77%,53,0.027,2,,,,,,,,,
690,9.339844,67,0,,,,,,,,,,,,,
691,1.399902,93,3,80%,132,0.066,2,,,,,,,,,
691,4.600098,84,2,,,,,,,,,,,,,
691,4.859863,99,1,,,,,,,,,,,,,
691,16.09912,44,0,,,,,,,,,,,,,
692,2.399414,88,2,87%,110,0.055,1,2,,,,,,,,
692,4.541504,89,1,,,,,,,,,,,,,
692,7.781738,84,0,,,,,,,,,,,,,
693,4.318848,78,1,86%,71,0.036,3,,,,,,,,,
693,5.719238,93,0,,,,,,,,,,,,,
697,4.818359,76,3,90%,158,0.079,1,2,,,,,,,,
697,5.080078,99,2,,,,,,,,,,,,,
697,5.660156,97,1,,,,,,,,,,,,,
697,8.479492,86,0,,,,,,,,,,,,,
698,9.738281,51,1,73%,46,0.023,3,,,,,,,,,
698,10.74072,95,0,,,,,,,,,,,,,
699,4.658691,77,1,83%,66,0.033,1,1,,,,,,,,
699,6.956543,89,0,,,,,,,,,,,,,
700,1.700684,91,1,89%,78,0.039,1,2,,,,,,,,
700,4.300781,87,0,,,,,,,,,,,,,
701,1.770996,91,2,91%,124,0.062,1,2,,,,,,,,
701,2.671875,95,1,,,,,,,,,,,,,
701,5.15332,88,0,,,,,,,,,,,,,
702,1.970215,90,1,92%,83,0.042,1,2,,,,,,,,
702,3.272461,93,0,,,,,,,,,,,,,
705,4.657715,77,1,86%,72,0.036,3,,,,,,,,,
705,5.65918,95,0,,,,,,,,,,,,,
706,2.198242,89,1,83%,66,0.033,1,2,,,,,,,,
706,6.897949,77,0,,,,,,,,,,,,,
708,4.34668,78,2,83%,98,0.049,2,,,,,,,,,
708,6.047363,91,1,,,,,,,,,,,,,
708,10.32764,79,0,,,,,,,,,,,,,
709,4.619141,77,2,85%,105,0.053,1,2,,,,,,,,
709,6.899902,89,1,,,,,,,,,,,,,
709,9,89,0,,,,,,,,,,,,,
710,4.38916,78,2,83%,100,0.050,3,,,,,,,,,
710,8.250488,81,1,,,,,,,,,,,,,
710,10.14893,91,0,,,,,,,,,,,,,
711,2.159668,89,1,73%,45,0.023,2,,,,,,,,,
711,11.00146,56,0,,,,,,,,,,,,,
712,1.398926,93,3,84%,134,0.067,2,,,,,,,,,
712,6.099609,76,2,,,,,,,,,,,,,
712,7.099609,95,1,,,,,,,,,,,,,
712,13.13916,70,0,,,,,,,,,,,,,
714,3.500977,82,2,87%,112,0.056,1,2,,,,,,,,
714,4.880859,93,1,,,,,,,,,,,,,
714,7.520508,87,0,,,,,,,,,,,,,
715,8.42041,58,1,75%,50,0.025,3,,,,,,,,,
715,10.01904,92,0,,,,,,,,,,,,,
717,5.644531,72,1,76%,52,0.026,1,1,,,,,,,,
717,9.625,80,0,,,,,,,,,,,,,
719,5.253418,74,3,81%,122,0.061,1,2,,,,,,,,
719,8.812012,82,2,,,,,,,,,,,,,
719,12.07129,84,1,,,,,,,,,,,,,
719,15.57178,82,0,,,,,,,,,,,,,
720,6.599609,67,1,81%,62,0.031,3,,,,,,,,,
720,7.539551,95,0,,,,,,,,,,,,,
721,1.760254,91,1,55%,73,0.037,2,,,,,,,,,
721,18.16064,18,0,,,,,,,,,,,,,
722,2.399414,88,2,86%,108,0.054,1,2,,,,,,,,
722,7.700195,73,1,,,,,,,,,,,,,
722,8.280762,97,0,,,,,,,,,,,,,
723,2.299316,89,2,91%,124,0.062,1,2,,,,,,,,
723,4.41748,89,1,,,,,,,,,,,,,
723,5.21875,96,0,,,,,,,,,,,,,
724,5.399902,73,2,81%,92,0.046,2,,,,,,,,,
724,6.381836,95,1,,,,,,,,,,,,,
724,11.53955,74,0,,,,,,,,,,,,,
725,8.560547,57,1,74%,48,0.024,3,,,,,,,,,
725,10.26123,91,0,,,,,,,,,,,,,
727,9.286133,54,2,76%,79,0.040,3,,,,,,,,,
727,12.10498,86,1,,,,,,,,,,,,,
727,14.20508,89,0,,,,,,,,,,,,,
728,5.499512,73,1,82%,63,0.032,3,,,,,,,,,
728,7.481445,90,0,,,,,,,,,,,,,
729,1.5,93,3,91%,163,0.082,1,2,,,,,,,,
729,2.318848,96,2,,,,,,,,,,,,,
729,3.501953,94,1,,,,,,,,,,,,,
729,7.499512,80,0,,,,,,,,,,,,,
730,2.958984,85,1,87%,73,0.037,1,2,,,,,,,,
730,5.417969,88,0,,,,,,,,,,,,,
731,7.700195,61,1,78%,55,0.028,3,,,,,,,,,
731,8.899902,94,0,,,,,,,,,,,,,
732,4.782227,76,3,84%,136,0.068,1,1,,,,,,,,
732,10.6416,71,2,,,,,,,,,,,,,
732,11.16162,97,1,,,,,,,,,,,,,
732,12.70117,92,0,,,,,,,,,,,,,
733,3.998535,80,3,80%,118,0.059,2,,,,,,,,,
733,7.239746,84,2,,,,,,,,,,,,,
733,7.58252,98,1,,,,,,,,,,,,,
733,16.48047,56,0,,,,,,,,,,,,,
735,4.012207,80,1,80%,59,0.030,1,1,,,,,,,,
735,8.293945,79,0,,,,,,,,,,,,,
736,6.399902,68,1,78%,56,0.028,3,,,,,,,,,
736,8.800293,88,0,,,,,,,,,,,,,
737,4.817871,76,1,78%,56,0.028,1,1,,,,,,,,
737,8.799316,80,0,,,,,,,,,,,,,
739,11.48389,43,1,69%,52,0.026,3,,,,,,,,,
739,12.48193,95,0,,,,,,,,,,,,,
740,3.562012,82,2,90%,119,0.060,1,2,,,,,,,,
740,5.560547,90,1,,,,,,,,,,,,,
740,6.14209,97,0,,,,,,,,,,,,,
741,6.548828,67,1,83%,66,0.033,3,,,,,,,,,
741,6.807617,99,0,,,,,,,,,,,,,
742,7.940918,60,3,80%,121,0.061,3,,,,,,,,,
742,9.241699,93,2,,,,,,,,,,,,,
742,10.68213,93,1,,,,,,,,,,,,,
742,15.64111,75,0,,,,,,,,,,,,,
744,8.680176,57,2,75%,75,0.038,3,,,,,,,,,
744,9.197754,97,1,,,,,,,,,,,,,
744,14.979,71,0,,,,,,,,,,,,,
745,4.898438,76,3,91%,164,0.082,3,,,,,,,,,
745,5.156738,99,2,,,,,,,,,,,,,
745,6.679688,92,1,,,,,,,,,,,,,
745,7.37793,97,0,,,,,,,,,,,,,
746,6.818848,66,1,80%,60,0.030,3,,,,,,,,,
746,8.020996,94,0,,,,,,,,,,,,,
747,1.197266,94,1,80%,59,0.030,2,,,,,,,,,
747,8.198242,65,0,,,,,,,,,,,,,
748,5.100098,74,2,,63,0.032,2,,,,,,,,,
748,8.581055,83,1,,,,,,,,,,,,,
748,19.78223,44,0,,,,,,,,,,,,,
750,4.013672,80,1,78%,55,0.028,1,1,,,,,,,,
750,8.973145,75,0,,,,,,,,,,,,,
752,1.714355,91,2,90%,121,0.061,1,2,,,,,,,,
752,4.253906,87,1,,,,,,,,,,,,,
752,5.753906,93,0,,,,,,,,,,,,,
754,5.728516,71,2,85%,104,0.052,3,,,,,,,,,
754,7.608398,91,1,,,,,,,,,,,,,
754,9.307617,92,0,,,,,,,,,,,,,
755,1.720215,91,1,76%,51,0.026,2,,,,,,,,,
755,9.817871,60,0,,,,,,,,,,,,,
756,2.941406,85,1,83%,65,0.033,1,2,,,,,,,,
756,6.981445,80,0,,,,,,,,,,,,,
757,2.099121,90,2,84%,101,0.051,1,2,,,,,,,,
757,5.098633,85,1,,,,,,,,,,,,,
757,9.880859,76,0,,,,,,,,,,,,,
758,3.318359,83,1,89%,77,0.039,1,2,,,,,,,,
758,4.518066,94,0,,,,,,,,,,,,,
759,4.399902,78,2,89%,116,0.058,1,2,,,,,,,,
759,4.660645,99,1,,,,,,,,,,,,,
759,6.881836,89,0,,,,,,,,,,,,,
760,3.158691,84,2,91%,122,0.061,1,2,,,,,,,,
760,4.317871,94,1,,,,,,,,,,,,,
760,5.617676,94,0,,,,,,,,,,,,,
761,3.601563,82,1,69%,37,0.019,2,,,,,,,,,
761,12.69971,55,0,,,,,,,,,,,,,
763,4.691406,77,2,87%,110,0.055,3,,,,,,,,,
763,7.172363,88,1,,,,,,,,,,,,,
763,7.952637,96,0,,,,,,,,,,,,,
764,7.399902,63,1,79%,58,0.029,3,,,,,,,,,
764,8.497559,95,0,,,,,,,,,,,,,
765,4.060547,80,1,90%,79,0.040,3,,,,,,,,,
765,4.320313,99,0,,,,,,,,,,,,,
766,4.890137,76,1,86%,71,0.036,3,,,,,,,,,
766,5.952148,95,0,,,,,,,,,,,,,
767,5.537598,72,1,62%,23,0.012,2,,,,,,,,,
767,15.31885,51,0,,,,,,,,,,,,,
768,1.149902,94,2,87%,110,0.055,1,2,,,,,,,,
768,6.848633,72,1,,,,,,,,,,,,,
768,7.949707,94,0,,,,,,,,,,,,,
769,3.181641,84,1,78%,55,0.028,1,2,,,,,,,,
769,8.981445,71,0,,,,,,,,,,,,,
770,5.019531,75,1,86%,72,0.036,3,,,,,,,,,
770,5.537109,97,0,,,,,,,,,,,,,
771,1.782227,91,2,94%,131,0.066,1,2,,,,,,,,
771,3.48291,91,1,,,,,,,,,,,,,
771,3.741211,99,0,,,,,,,,,,,,,
772,4.041016,80,3,83%,142,0.071,1,1,,,,,,,,
772,5.84082,91,2,,,,,,,,,,,,,
772,10.44043,77,1,,,,,,,,,,,,,
772,11.62305,94,0,,,,,,,,,,,,,
773,1.218262,94,3,90%,160,0.080,1,2,,,,,,,,
773,1.998535,96,2,,,,,,,,,,,,,
773,6.598633,77,1,,,,,,,,,,,,,
773,7.916504,93,0,,,,,,,,,,,,,
775,2.229492,89,1,89%,78,0.039,1,2,,,,,,,,
775,4.369629,89,0,,,,,,,,,,,,,
776,4.913574,75,1,66%,32,0.016,2,,,,,,,,,
776,13.57227,57,0,,,,,,,,,,,,,
777,1.759277,91,2,89%,117,0.059,1,2,,,,,,,,
777,4.660156,85,1,,,,,,,,,,,,,
777,6.500488,91,0,,,,,,,,,,,,,
779,2.480469,88,2,92%,125,0.063,1,2,,,,,,,,
779,3.57959,95,1,,,,,,,,,,,,,
779,5.161621,92,0,,,,,,,,,,,,,
780,7.717773,61,1,69%,37,0.019,1,1,,,,,,,,
780,12.49854,76,0,,,,,,,,,,,,,
782,3.727051,81,1,87%,74,0.037,1,2,,,,,,,,
782,5.128418,93,0,,,,,,,,,,,,,
783,10.75244,46,3,84%,143,0.072,3,,,,,,,,,
783,11.27197,97,2,,,,,,,,,,,,,
783,12.31152,95,1,,,,,,,,,,,,,
783,12.95361,97,0,,,,,,,,,,,,,
784,7.71875,61,1,79%,58,0.029,3,,,,,,,,,
784,8.239746,97,0,,,,,,,,,,,,,
786,7.763672,61,3,79%,116,0.058,2,,,,,,,,,
786,8.703613,95,2,,,,,,,,,,,,,
786,9.54541,96,1,,,,,,,,,,,,,
786,16.74561,64,0,,,,,,,,,,,,,
787,5.418945,73,1,80%,59,0.030,1,1,,,,,,,,
787,8.297852,86,0,,,,,,,,,,,,,
788,2.849121,86,2,86%,108,0.054,1,2,,,,,,,,
788,6.890137,80,1,,,,,,,,,,,,,
788,8.490234,92,0,,,,,,,,,,,,,
790,5.891602,71,2,83%,100,0.050,1,2,,,,,,,,
790,7.39209,92,1,,,,,,,,,,,,,
790,10.07422,87,0,,,,,,,,,,,,,
791,1.616699,92,2,86%,107,0.054,1,2,,,,,,,,
791,6.597656,75,1,,,,,,,,,,,,,
791,8.599609,90,0,,,,,,,,,,,,,
792,7.717285,61,1,74%,48,0.024,3,,,,,,,,,
792,10.29785,87,0,,,,,,,,,,,,,
793,9.22168,54,2,81%,93,0.047,3,,,,,,,,,
793,10.14063,95,1,,,,,,,,,,,,,
793,11.31982,94,0,,,,,,,,,,,,,
794,8.102051,59,1,54%,11,0.006,1,1,,,,,,,,
794,18.5835,48,0,,,,,,,,,,,,,
795,5.518555,72,2,85%,106,0.053,1,2,,,,,,,,
795,7.897949,88,1,,,,,,,,,,,,,
795,8.699219,96,0,,,,,,,,,,,,,
796,3.916504,80,1,83%,65,0.033,1,2,,,,,,,,
796,6.916016,85,0,,,,,,,,,,,,,
797,5.901855,70,2,87%,112,0.056,3,,,,,,,,,
797,6.160156,99,1,,,,,,,,,,,,,
797,7.541504,93,0,,,,,,,,,,,,,
799,4.060059,80,2,91%,124,0.062,3,,,,,,,,,
799,4.580566,97,1,,,,,,,,,,,,,
799,5.099609,97,0,,,,,,,,,,,,,
800,7.600586,62,1,79%,57,0.029,3,,,,,,,,,
800,8.699707,95,0,,,,,,,,,,,,,
801,10.54297,47,1,73%,52,0.026,3,,,,,,,,,
801,10.80225,99,0,,,,,,,,,,,,,
802,6.258789,69,2,87%,110,0.055,3,,,,,,,,,
802,7.639648,93,1,,,,,,,,,,,,,
802,7.898926,99,0,,,,,,,,,,,,,
804,8.896484,56,2,83%,99,0.050,3,,,,,,,,,
804,9.29541,98,1,,,,,,,,,,,,,
804,10.29736,95,0,,,,,,,,,,,,,
805,1.770996,91,2,78%,84,0.042,2,,,,,,,,,
805,6.352051,77,1,,,,,,,,,,,,,
805,13.0708,66,0,,,,,,,,,,,,,
806,1.600098,92,1,69%,47,0.024,2,,,,,,,,,
806,12.64111,45,0,,,,,,,,,,,,,
807,2.899414,86,2,90%,120,0.060,1,2,,,,,,,,
807,4.958496,90,1,,,,,,,,,,,,,
807,6.220215,94,0,,,,,,,,,,,,,
809,6.373047,68,1,82%,63,0.032,3,,,,,,,,,
809,7.330078,95,0,,,,,,,,,,,,,
810,5.101074,74,1,75%,49,0.025,1,1,,,,,,,,
810,10.08301,75,0,,,,,,,,,,,,,
811,2.970215,85,3,90%,161,0.081,1,2,,,,,,,,
811,5.071777,89,2,,,,,,,,,,,,,
811,5.59082,97,1,,,,,,,,,,,,,
811,7.652344,90,0,,,,,,,,,,,,,
812,5.058594,75,3,90%,160,0.080,3,,,,,,,,,
812,5.999023,95,2,,,,,,,,,,,,,
812,6.800781,96,1,,,,,,,,,,,,,
812,8.018066,94,0,,,,,,,,,,,,,
815,2.81543,86,1,73%,45,0.023,2,,,,,,,,,
815,11.09668,59,0,,,,,,,,,,,,,
816,2.418945,88,2,91%,124,0.062,1,2,,,,,,,,
816,3.817871,93,1,,,,,,,,,,,,,
816,5.21875,93,0,,,,,,,,,,,,,
817,6.401855,68,1,81%,61,0.031,3,,,,,,,,,
817,7.801758,93,0,,,,,,,,,,,,,
818,11.19824,44,1,69%,49,0.025,3,,,,,,,,,
818,12.49902,93,0,,,,,,,,,,,,,
819,6.199707,69,1,82%,64,0.032,3,,,,,,,,,
819,7.239258,95,0,,,,,,,,,,,,,
820,6.860352,66,1,71%,41,0.021,1,1,,,,,,,,
820,11.86133,75,0,,,,,,,,,,,,,
821,8.098145,60,2,74%,72,0.036,3,,,,,,,,,
822,5.23584,74,1,,,,,,,,,,,,,
822,7.536133,88,0,,,,,,,,,,,,,
823,4.999512,75,3,80%,119,0.060,2,,,,,,,,,
823,5.839844,96,2,,,,,,,,,,,,,
823,6.78125,95,1,,,,,,,,,,,,,
823,16.20166,53,0,,,,,,,,,,,,,
824,4.999023,75,1,87%,74,0.037,3,,,,,,,,,
824,5.259277,99,0,,,,,,,,,,,,,
826,4.75293,76,1,86%,72,0.036,3,,,,,,,,,
826,5.571777,96,0,,,,,,,,,,,,,
827,5.041504,75,1,79%,58,0.029,1,1,,,,,,,,
827,8.440918,83,0,,,,,,,,,,,,,
830,1.652344,92,3,90%,158,0.079,2,,,,,,,,,
830,2.43457,96,2,,,,,,,,,,,,,
830,3.435547,95,1,,,,,,,,,,,,,
830,8.352539,75,0,,,,,,,,,,,,,
832,4.862305,76,1,88%,75,0.038,3,,,,,,,,,
832,5.139648,99,0,,,,,,,,,,,,,
833,4.129883,79,1,73%,45,0.023,1,1,,,,,,,,
833,11.02832,66,0,,,,,,,,,,,,,
834,12.67969,37,1,67%,60,0.030,3,,,,,,,,,
834,13.28125,97,0,,,,,,,,,,,,,
835,7.818359,61,2,83%,100,0.050,3,,,,,,,,,
835,9.416992,92,1,,,,,,,,,,,,,
835,9.9375,97,0,,,,,,,,,,,,,
837,3.345703,83,1,78%,55,0.028,1,2,,,,,,,,
837,9.044922,72,0,,,,,,,,,,,,,
838,4.5,78,1,89%,77,0.039,3,,,,,,,,,
838,4.758789,99,0,,,,,,,,,,,,,
839,3.520508,82,1,85%,69,0.035,1,2,,,,,,,,
839,6.040039,87,0,,,,,,,,,,,,,
840,4.739258,76,1,82%,63,0.032,1,1,,,,,,,,
840,7.420898,87,0,,,,,,,,,,,,,
841,10.7002,46,1,60%,27,0.014,3,,,,,,,,,
841,16.2002,73,0,,,,,,,,,,,,,
842,5,75,1,84%,68,0.034,3,,,,,,,,,
842,6.319336,93,0,,,,,,,,,,,,,
847,8.931641,55,1,75%,50,0.025,3,,,,,,,,,
847,9.832031,95,0,,,,,,,,,,,,,
848,8.101563,59,1,76%,51,0.026,3,,,,,,,,,
848,9.699219,92,0,,,,,,,,,,,,,
849,1.620117,92,3,88%,150,0.075,1,2,,,,,,,,
849,8.058594,68,2,,,,,,,,,,,,,
849,8.839844,96,1,,,,,,,,,,,,,
849,10.10059,94,0,,,,,,,,,,,,,
850,5.620117,72,1,77%,54,0.027,1,1,,,,,,,,
850,9.299805,82,0,,,,,,,,,,,,,
851,4.519531,77,1,81%,61,0.031,1,1,,,,,,,,
851,7.800781,84,0,,,,,,,,,,,,,
852,4.318359,78,3,76%,104,0.052,2,,,,,,,,,
852,5.900391,92,2,,,,,,,,,,,,,
853,7.536133,62,1,,,,,,,,,,,,,
853,13.05566,72,0,,,,,,,,,,,,,
854,7.5,63,2,85%,104,0.052,3,,,,,,,,,
854,8.080078,97,1,,,,,,,,,,,,,
854,9.337891,94,0,,,,,,,,,,,,,
855,3.959961,80,1,81%,62,0.031,1,2,,,,,,,,
855,7.542969,82,0,,,,,,,,,,,,,
857,6.456055,68,2,84%,103,0.052,3,,,,,,,,,
857,8.539063,90,1,,,,,,,,,,,,,
857,9.637695,95,0,,,,,,,,,,,,,
858,1.056641,95,2,92%,125,0.063,1,2,,,,,,,,
858,4.157227,84,1,,,,,,,,,,,,,
858,4.99707,96,0,,,,,,,,,,,,,
859,3.34082,83,2,85%,106,0.053,1,2,,,,,,,,
859,8.540039,74,1,,,,,,,,,,,,,
859,8.838867,99,0,,,,,,,,,,,,,
860,3.470703,83,1,81%,61,0.031,1,2,,,,,,,,
860,7.80957,78,0,,,,,,,,,,,,,
863,7.124023,64,1,81%,61,0.031,3,,,,,,,,,
863,7.806641,97,0,,,,,,,,,,,,,
864,4.418945,78,1,68%,36,0.018,2,,,,,,,,,
864,12.90137,58,0,,,,,,,,,,,,,
865,2.65918,87,3,92%,166,0.083,1,2,,,,,,,,
865,4.418945,91,2,,,,,,,,,,,,,
865,4.938477,97,1,,,,,,,,,,,,,
865,6.797852,91,0,,,,,,,,,,,,,
866,4.120117,79,1,85%,69,0.035,3,,,,,,,,,
866,6.201172,90,0,,,,,,,,,,,,,
867,6.118164,69,2,76%,77,0.039,3,,,,,,,,,
867,13.59961,63,1,,,,,,,,,,,,,
867,14.62012,95,0,,,,,,,,,,,,,
868,9.680664,52,1,73%,45,0.023,3,,,,,,,,,
868,11.08008,93,0,,,,,,,,,,,,,
870,5.217773,74,1,85%,69,0.035,3,,,,,,,,,
870,6.297852,95,0,,,,,,,,,,,,,
871,3.331055,83,3,91%,164,0.082,1,2,,,,,,,,
871,4.832031,92,2,,,,,,,,,,,,,
871,6.711914,91,1,,,,,,,,,,,,,
871,7.112305,98,0,,,,,,,,,,,,,
872,2.020508,90,3,88%,152,0.076,1,2,,,,,,,,
872,3,95,2,,,,,,,,,,,,,
872,4.100586,94,1,,,,,,,,,,,,,
872,9.599609,73,0,,,,,,,,,,,,,
873,1.71875,91,2,76%,83,0.042,2,,,,,,,,,
873,3.701172,90,1,,,,,,,,,,,,,
873,14.02051,48,0,,,,,,,,,,,,,
874,1.213867,94,3,89%,157,0.079,1,2,,,,,,,,
874,7.15332,70,2,,,,,,,,,,,,,
874,7.414063,99,1,,,,,,,,,,,,,
874,8.594727,94,0,,,,,,,,,,,,,
875,4.819336,76,2,91%,122,0.061,3,,,,,,,,,
875,5.339844,97,1,,,,,,,,,,,,,
875,5.601563,99,0,,,,,,,,,,,,,
876,2.833984,86,3,93%,171,0.086,1,2,,,,,,,,
876,3.09375,99,2,,,,,,,,,,,,,
876,3.973633,96,1,,,,,,,,,,,,,
876,5.973633,90,0,,,,,,,,,,,,,
877,1.900391,90,2,93%,129,0.065,1,2,,,,,,,,
877,3.578125,92,1,,,,,,,,,,,,,
877,4.202148,97,0,,,,,,,,,,,,,
879,3.489258,83,1,83%,66,0.033,1,2,,,,,,,,
879,6.889648,83,0,,,,,,,,,,,,,
881,4.618164,77,1,84%,68,0.034,3,,,,,,,,,
881,6.378906,91,0,,,,,,,,,,,,,
882,5,75,2,90%,121,0.061,3,,,,,,,,,
882,5.259766,99,1,,,,,,,,,,,,,
882,5.880859,97,0,,,,,,,,,,,,,
883,4.719727,76,2,90%,119,0.060,3,,,,,,,,,
883,4.978516,99,1,,,,,,,,,,,,,
883,6.119141,94,0,,,,,,,,,,,,,
884,1.200195,94,1,92%,83,0.042,1,2,,,,,,,,
884,3.438477,89,0,,,,,,,,,,,,,
885,1.162109,94,1,73%,45,0.023,2,,,,,,,,,
885,11.00098,51,0,,,,,,,,,,,,,
887,1.181641,94,2,92%,126,0.063,1,2,,,,,,,,
887,2.679688,93,1,,,,,,,,,,,,,
887,4.780273,89,0,,,,,,,,,,,,,
888,5.598633,72,1,86%,71,0.036,3,,,,,,,,,
888,5.859375,99,0,,,,,,,,,,,,,
889,6.140625,69,3,77%,108,0.054,2,,,,,,,,,
889,7.722656,92,2,,,,,,,,,,,,,
889,8.321289,97,1,,,,,,,,,,,,,
889,18.32227,50,0,,,,,,,,,,,,,
891,3.946289,80,1,87%,73,0.037,1,2,,,,,,,,
891,5.383789,93,0,,,,,,,,,,,,,
892,4.427734,78,2,78%,83,0.042,1,1,,,,,,,,
892,7.146484,86,1,,,,,,,,,,,,,
892,13.4375,69,0,,,,,,,,,,,,,
893,6.551758,67,1,78%,55,0.028,3,,,,,,,,,
893,8.910156,88,0,,,,,,,,,,,,,
894,1.200195,94,3,87%,146,0.073,1,2,,,,,,,,
894,3.182617,90,2,,,,,,,,,,,,,
894,7.181641,80,1,,,,,,,,,,,,,
894,10.78223,82,0,,,,,,,,,,,,,
895,3.058594,85,2,90%,119,0.060,1,2,,,,,,,,
895,5.417969,88,1,,,,,,,,,,,,,
895,6.198242,96,0,,,,,,,,,,,,,
896,2.492188,88,2,85%,106,0.053,1,2,,,,,,,,
896,5.992188,83,1,,,,,,,,,,,,,
896,9.075195,85,0,,,,,,,,,,,,,
898,4.660156,77,2,88%,115,0.058,3,,,,,,,,,
898,5.34082,97,1,,,,,,,,,,,,,
898,7.041992,91,0,,,,,,,,,,,,,
899,1.517578,92,1,87%,73,0.037,1,2,,,,,,,,
899,5.318359,81,0,,,,,,,,,,,,,
901,1.574219,92,2,83%,99,0.050,2,,,,,,,,,
901,5.691406,79,1,,,,,,,,,,,,,
901,10.17285,78,0,,,,,,,,,,,,,
902,6.37207,68,1,61%,22,0.011,1,1,,,,,,,,
902,15.65039,54,0,,,,,,,,,,,,,
903,6.079102,70,1,83%,65,0.033,3,,,,,,,,,
903,7.080078,95,0,,,,,,,,,,,,,
906,1.867188,91,1,91%,81,0.041,1,2,,,,,,,,
906,3.867188,90,0,,,,,,,,,,,,,
907,1.216797,94,1,78%,56,0.028,2,,,,,,,,,
907,8.899414,62,0,,,,,,,,,,,,,
908,9.587891,52,1,67%,33,0.017,3,,,,,,,,,
908,13.44727,81,0,,,,,,,,,,,,,
912,5.916992,70,1,78%,56,0.028,1,1,,,,,,,,
912,8.71875,86,0,,,,,,,,,,,,,
913,4.099609,80,1,88%,76,0.038,3,,,,,,,,,
913,4.99707,96,0,,,,,,,,,,,,,
914,3.131836,84,1,81%,61,0.031,1,2,,,,,,,,
914,7.830078,77,0,,,,,,,,,,,,,
916,1.232422,94,2,91%,123,0.062,1,2,,,,,,,,
916,4.792969,82,1,,,,,,,,,,,,,
916,5.313477,97,0,,,,,,,,,,,,,
917,3.128906,84,1,86%,71,0.036,1,2,,,,,,,,
917,5.671875,87,0,,,,,,,,,,,,,
918,2.586914,87,2,92%,125,0.063,1,2,,,,,,,,
918,3.988281,93,1,,,,,,,,,,,,,
918,5.087891,95,0,,,,,,,,,,,,,
919,5.682617,72,2,86%,107,0.054,3,,,,,,,,,
919,7.682617,90,1,,,,,,,,,,,,,
919,8.681641,95,0,,,,,,,,,,,,,
921,1.689453,92,1,62%,60,0.030,2,,,,,,,,,
921,15.37012,32,0,,,,,,,,,,,,,
923,2.115234,89,2,93%,128,0.064,1,2,,,,,,,,
923,3.056641,95,1,,,,,,,,,,,,,
923,4.256836,94,0,,,,,,,,,,,,,
924,8.12207,59,2,76%,77,0.039,3,,,,,,,,,
924,9.282227,94,1,,,,,,,,,,,,,
924,14.50293,74,0,,,,,,,,,,,,,
925,1.801758,91,2,79%,87,0.044,2,,,,,,,,,
925,3.120117,93,1,,,,,,,,,,,,,
925,12.50098,53,0,,,,,,,,,,,,,
926,1.418945,93,1,65%,56,0.028,2,,,,,,,,,
926,14.00098,37,0,,,,,,,,,,,,,
927,3.217773,84,2,88%,114,0.057,1,2,,,,,,,,
927,6.717773,83,1,,,,,,,,,,,,,
927,7.236328,97,0,,,,,,,,,,,,,
928,3.22168,84,1,89%,78,0.039,1,2,,,,,,,,
928,4.499023,94,0,,,,,,,,,,,,,
930,4.130859,79,1,78%,56,0.028,1,1,,,,,,,,
930,8.731445,77,0,,,,,,,,,,,,,
931,8.100586,59,1,73%,45,0.023,3,,,,,,,,,
931,10.98242,86,0,,,,,,,,,,,,,
932,5.417969,73,1,85%,70,0.035,3,,,,,,,,,
932,6,97,0,,,,,,,,,,,,,
934,4.928711,75,3,86%,145,0.073,3,,,,,,,,,
934,5.1875,99,2,,,,,,,,,,,,,
934,5.448242,99,1,,,,,,,,,,,,,
934,10.9668,72,0,,,,,,,,,,,,,
936,2.543945,87,2,80%,91,0.046,1,2,,,,,,,,
936,6.144531,82,1,,,,,,,,,,,,,
936,11.82715,72,0,,,,,,,,,,,,,
937,3.216797,84,2,86%,109,0.055,1,2,,,,,,,,
937,5.299805,90,1,,,,,,,,,,,,,
937,8.257813,85,0,,,,,,,,,,,,,
939,1.132813,94,1,77%,54,0.027,2,,,,,,,,,
939,9.213867,60,0,,,,,,,,,,,,,
940,2.719727,86,2,92%,126,0.063,1,2,,,,,,,,
940,3.919922,94,1,,,,,,,,,,,,,
940,4.700195,96,0,,,,,,,,,,,,,
941,1.115234,94,2,88%,114,0.057,1,2,,,,,,,,
941,5.31543,79,1,,,,,,,,,,,,,
941,7.09668,91,0,,,,,,,,,,,,,
942,2.499023,88,3,95%,179,0.090,1,2,,,,,,,,
942,3.518555,95,2,,,,,,,,,,,,,
942,4.039063,97,1,,,,,,,,,,,,,
942,4.300781,99,0,,,,,,,,,,,,,
943,6.198242,69,1,68%,35,0.018,1,1,,,,,,,,
943,12.99707,66,0,,,,,,,,,,,,,
945,3.671875,82,2,83%,98,0.049,1,2,,,,,,,,
945,6.672852,85,1,,,,,,,,,,,,,
945,10.57227,81,0,,,,,,,,,,,,,
946,2.700195,86,1,68%,36,0.018,2,,,,0.14516129,,,,,
946,12.68359,50,0,,,,,,,,,,,,,
947,5.319336,73,1,74%,47,0.024,1,1,,,,,,,,
947,10.5166,74,0,,,,,,,,,,,,,
948,3.801758,81,1,85%,70,0.035,1,2,,,,,,,,
948,6.082031,89,0,,,,,,,,,,,,,
953,1.592773,92,3,89%,155,0.078,1,2,,,,,,,,
953,3.834961,89,2,,,,,,,,,,,,,
953,4.834961,95,1,,,,,,,,,,,,,
953,8.991211,79,0,,,,,,,,,,,,,
956,5.712891,71,2,83%,98,0.049,1,1,,,,,,,,
956,7.514648,91,1,,,,,,,,,,,,,
956,10.31348,86,0,,,,,,,,,,,,,
957,3.200195,84,1,88%,75,0.038,1,2,,,,,,,,
957,4.900391,91,0,,,,,,,,,,,,,
958,5.400391,73,2,85%,104,0.052,3,,,,,,,,,
958,8.400391,85,1,,,,,,,,,,,,,
958,9.28125,96,0,,,,,,,,,,,,,
961,7.383789,63,1,78%,55,0.028,3,,,,,,,,,
961,8.895508,92,0,,,,,,,,,,,,,
963,2.800781,86,1,89%,77,0.039,1,2,,,,,,,,
963,4.619141,91,0,,,,,,,,,,,,,
964,2.394531,88,2,86%,104,0.052,1,2,,,,,,,,
964,6.494141,80,1,,,,,,,,,,,,,
964,8.292969,91,0,,,,,,,,,,,,,
966,4.146484,79,1,88%,76,0.038,3,,,,,,,,,
966,4.665039,97,0,,,,,,,,,,,,,
967,6.84082,66,2,80%,89,0.045,3,,,,,,,,,
967,9.34082,88,1,,,,,,,,,,,,,
967,12.2793,85,0,,,,,,,,,,,,,
968,8.542969,57,2,68%,55,0.028,2,,,,,,,,,
968,11.10059,87,1,,,,,,,,,,,,,
968,18.94336,61,0,,,,,,,,,,,,,
969,3.418945,83,1,90%,79,0.040,1,2,,,,,,,,
969,4.318359,96,0,,,,,,,,,,,,,
970,9.28125,54,1,75%,79,0.040,3,,,,,,,,,
970,10.28027,95,0,,,,,,,,,,,,,
971,2.918945,85,1,82%,63,0.032,1,2,,,,,,,,
971,7.318359,78,0,,,,,,,,,,,,,
972,1.105469,94,2,81%,93,0.047,2,,,,,,,,,
972,5.200195,80,1,,,,,,,,,,,,,
972,11.34082,69,0,,,,,,,,,,,,,
973,2.061523,90,1,89%,77,0.039,1,2,,,,,,,,
973,4.760742,87,0,,,,,,,,,,,,,
974,5.200195,74,2,73%,68,0.034,1,1,,,,,,,,
974,9.099609,81,1,,,,,,,,,,,,,
974,16.43945,63,0,,,,,,,,,,,,,
975,3.999023,80,1,78%,56,0.028,1,2,,,,,,,,
975,8.839844,76,0,,,,,,,,,,,,,
976,8.821289,56,1,76%,51,0.026,3,,,,,,,,,
976,9.802734,95,0,,,,,,,,,,,,,
977,4.65918,77,2,87%,112,0.056,3,,,,,,,,,
977,7.099609,88,1,,,,,,,,,,,,,
977,7.698242,97,0,,,,,,,,,,,,,
978,3.012695,85,2,73%,80,0.040,2,,,,,,,,,
978,5.254883,89,1,,,,,,,,,,,,,
978,16.47461,44,0,,,,,,,,,,,,,
979,4.597656,77,2,89%,118,0.059,3,,,,,,,,,
979,4.858398,99,1,,,,,,,,,,,,,
979,6.398438,92,0,,,,,,,,,,,,,
981,1.201172,94,1,84%,67,0.034,2,,,,,,,,,
981,6.580078,73,0,,,,,,,,,,,,,
982,10.19922,49,1,72%,46,0.023,3,,,,,,,,,
982,11.11816,95,0,,,,,,,,,,,,,
983,3.620117,82,2,85%,105,0.053,1,2,,,,,,,,
983,7.917969,79,1,,,,,,,,,,,,,
983,9.100586,94,0,,,,,,,,,,,,,
985,10.3125,48,1,65%,34,0.017,3,,,,,,,,,
985,13.91211,82,0,,,,,,,,,,,,,
986,2.259766,89,1,88%,75,0.038,1,2,,,,,,,,
986,5.019531,86,0,,,,,,,,,,,,,
990,6.129883,69,1,78%,56,0.028,3,,,,,,,,,
990,8.730469,87,0,,,,,,,,,,,,,
991,1.320313,93,2,90%,119,0.060,2,,,,,,,,,
991,2.118164,96,1,,,,,,,,,,,,,
991,6.158203,80,0,,,,,,,,,,,,,
992,1.360352,93,1,78%,55,0.028,2,,,,,,,,,
992,8.942383,62,0,,,,,,,,,,,,,
994,8.614258,57,1,78%,56,0.028,3,,,,,,,,,
994,8.875,99,0,,,,,,,,,,,,,
995,4.5,78,2,81%,92,0.046,1,1,,,,,,,,
995,6.838867,88,1,,,,,,,,,,,,,
995,11.54004,76,0,,,,,,,,,,,,,
996,2.160156,89,3,90%,161,0.081,1,2,,,,,,,,
996,3.641602,93,2,,,,,,,,,,,,,
996,7.241211,82,1,,,,,,,,,,,,,
996,7.94043,97,0,,,,,,,,,,,,,
997,5.620117,72,1,65%,30,0.015,2,,,,,,,,,
997,14.01953,58,0,,,,,,,,,,,,,
998,4.999023,75,2,89%,117,0.059,3,,,,,,,,,
998,5.800781,96,1,,,,,,,,,,,,,
998,6.599609,96,0,,,,,,,,,,,,,
999,3.500977,82,1,85%,69,0.035,1,2,,,,,,,,
999,6.100586,87,0,,,,,,,,,,,,,
1000,3.798828,81,2,86%,108,0.054,1,2,,,,,,,,
1000,4.639648,96,1,,,,,,,,,,,,,
1000,8.44043,81,0,,,,,,,,,,,,,
1001,4.458984,78,1,82%,63,0.032,1,1,,,,,,,,
1001,7.458984,85,0,,,,,,,,,,,,,
1002,6.099609,70,1,85%,69,0.035,3,,,,,,,,,
1002,6.360352,99,0,,,,,,,,,,,,,
1003,3.739258,81,2,82%,97,0.049,1,2,,,,,,,,
1003,5.339844,92,1,,,,,,,,,,,,,
1003,10.62109,74,0,,,,,,,,,,,,,
1004,3.618164,82,1,87%,74,0.037,1,2,,,,,,,,
1004,5.298828,92,0,,,,,,,,,,,,,
1005,3.320313,83,2,76%,78,0.039,2,,,,,,,,,
1005,5.918945,87,1,,,,,,,,,,,,,
1005,14.30078,58,0,,,,,,,,,,,,,
1006,1.417969,93,1,89%,78,0.039,1,2,,,,,,,,
1006,4.319336,85,0,,,,,,,,,,,,,
1007,2.941406,85,2,75%,74,0.037,2,,,,,,,,,
1007,5.880859,85,1,,,,,,,,,,,,,
1007,15.18066,54,0,,,,,,,,,,,,,
1008,2.419922,88,2,90%,120,0.060,1,2,,,,,,,,
1008,5.119141,87,1,,,,,,,,,,,,,
1008,6.099609,95,0,,,,,,,,,,,,,
1009,6.200195,69,1,73%,45,0.023,1,1,,,,,,,,
1009,11.00098,76,0,,,,,,,,,,,,,
1011,5.74707,71,3,86%,145,0.073,3,,,,,,,,,
1011,6.628906,96,2,,,,,,,,,,,,,
1011,7.229492,97,1,,,,,,,,,,,,,
1011,11.12793,81,0,,,,,,,,,,,,,
1012,4.702148,76,1,66%,31,0.016,2,,,,,,,,,
1012,13.6084,55,0,,,,,,,,,,,,,
1013,2.210938,89,2,87%,111,0.056,1,2,,,,,,,,
1013,4.311523,89,1,,,,,,,,,,,,,
1013,7.792969,83,0,,,,,,,,,,,,,
1015,4.114258,79,2,91%,122,0.061,3,,,,,,,,,
1015,4.99707,96,1,,,,,,,,,,,,,
1015,5.513672,97,0,,,,,,,,,,,,,
1016,9.791016,51,1,71%,42,0.021,3,,,,,,,,,
1016,11.57324,91,0,,,,,,,,,,,,,
1017,2.118164,89,2,91%,124,0.062,1,2,,,,,,,,
1017,3.818359,91,1,,,,,,,,,,,,,
1017,5.117188,94,0,,,,,,,,,,,,,
1018,3.299805,84,2,89%,117,0.059,1,2,,,,,,,,
1018,4.581055,94,1,,,,,,,,,,,,,
1018,6.701172,89,0,,,,,,,,,,,,,
1021,1.964844,90,1,87%,73,0.037,1,2,,,,,,,,
1021,5.365234,83,0,,,,,,,,,,,,,
1022,4.898438,76,3,82%,128,0.064,3,,,,,,,,,
1022,10.7793,71,2,,,,,,,,,,,,,
1022,11.88086,94,1,,,,,,,,,,,,,
1022,14.5791,87,0,,,,,,,,,,,,,
1023,4.820313,76,2,88%,113,0.057,3,,,,,,,,,
1023,5.339844,97,1,,,,,,,,,,,,,
1023,7.301758,90,0,,,,,,,,,,,,,
1024,5.217773,74,1,77%,54,0.027,3,,,,,,,,,
1024,9.200195,80,0,,,,,,,,,,,,,
1025,2.618164,87,3,80%,120,0.060,2,,,,,,,,,
1025,4.416992,91,2,,,,,,,,,,,,,
1025,11.19824,66,1,,,,,,,,,,,,,
1025,16,76,0,,,,,,,,,,,,,
1026,6.818359,66,2,81%,94,0.047,3,,,,,,,,,
1026,7.600586,96,1,,,,,,,,,,,,,
1026,11.19922,82,0,,,,,,,,,,,,,
1027,6.399414,68,1,82%,63,0.032,3,,,,,,,,,
1027,7.499023,95,0,,,,,,,,,,,,,
1028,3.439453,83,2,88%,114,0.057,1,2,,,,,,,,
1028,4.639648,94,1,,,,,,,,,,,,,
1028,7.321289,87,0,,,,,,,,,,,,,
1029,8.100586,59,1,73%,45,0.023,3,,,,,,,,,
1029,10.91895,86,0,,,,,,,,,,,,,
1030,7.599609,62,1,65%,29,0.015,1,1,,,,,,,,
1030,14.28125,67,0,,,,,,,,,,,,,
1031,4.801758,76,1,74%,48,0.024,1,1,,,,,,,,
1031,10.40039,72,0,,,,,,,,,,,,,
1032,1.798828,91,1,88%,75,0.038,1,2,,,,,,,,
1032,5.017578,84,0,,,,,,,,,,,,,
1033,5.701172,71,2,87%,112,0.056,3,,,,,,,,,
1033,7.081055,93,1,,,,,,,,,,,,,
1033,7.482422,98,0,,,,,,,,,,,,,
1034,2.516602,87,2,80%,91,0.046,2,,,,,,,,,
1034,5.517578,85,1,,,,,,,,,,,,,
1034,11.71777,69,0,,,,,,,,,,,,,
1036,4.503906,77,1,80%,59,0.030,1,1,,,,,,,,
1036,8.104492,82,0,,,,,,,,,,,,,
1037,4.639648,77,3,79%,114,0.057,1,1,,,,,,,,
1037,6.639648,90,2,,,,,,,,,,,,,
1037,10.99902,78,1,,,,,,,,,,,,,
1037,17.20117,69,0,,,,,,,,,,,,,
1039,4.84668,76,1,87%,73,0.037,3,,,,,,,,,
1039,5.370117,97,0,,,,,,,,,,,,,
1040,7.438477,63,2,83%,98,0.049,3,,,,,,,,,
1040,8.337891,96,1,,,,,,,,,,,,,
1040,10.51758,89,0,,,,,,,,,,,,,
1043,9.260742,54,1,76%,52,0.026,3,,,,,,,,,
1043,9.660156,98,0,,,,,,,,,,,,,
1044,10.33008,48,1,72%,47,0.024,3,,,,,,,,,
1044,11.23242,95,0,,,,,,,,,,,,,
1045,3.977539,80,1,80%,60,0.030,1,2,,,,,,,,
1045,7.957031,80,0,,,,,,,,,,,,,
1046,8.700195,56,2,81%,94,0.047,3,,,,,,,,,
1046,9.399414,97,1,,,,,,,,,,,,,
1046,11.11719,91,0,,,,,,,,,,,,,
1047,7.100586,64,2,84%,102,0.051,3,,,,,,,,,
1047,8.841797,91,1,,,,,,,,,,,,,
1047,9.363281,97,0,,,,,,,,,,,,,
1049,5.048828,75,1,82%,63,0.032,1,1,,,,,,,,
1049,7.448242,88,0,,,,,,,,,,,,,
1050,5.900391,70,2,85%,104,0.052,3,,,,,,,,,
1050,8.260742,88,1,,,,,,,,,,,,,
1050,9.100586,96,0,,,,,,,,,,,,,
1052,8.638672,57,1,74%,48,0.024,3,,,,,,,,,
1052,10.33887,91,0,,,,,,,,,,,,,
1054,6.607422,67,1,79%,57,0.029,3,,,,,,,,,
1054,8.507813,90,0,,,,,,,,,,,,,
1055,1.199219,94,1,90%,79,0.040,1,2,,,,,,,,
1055,4.099609,85,0,,,,,,,,,,,,,
1057,5.084961,75,2,88%,115,0.058,3,,,,,,,,,
1057,5.344727,99,1,,,,,,,,,,,,,
1057,7.064453,91,0,,,,,,,,,,,,,
1059,6.231445,69,2,77%,81,0.041,3,,,,,,,,,
1059,8.612305,88,1,,,,,,,,,,,,,
1059,13.81152,74,0,,,,,,,,,,,,,
1060,1.621094,92,1,93%,86,0.043,1,2,,,,,,,,
1060,2.860352,94,0,,,,,,,,,,,,,
1061,2.140625,89,3,88%,152,0.076,1,2,,,,,,,,
1061,4.458984,88,2,,,,,,,,,,,,,
1061,8.741211,79,1,,,,,,,,,,,,,
1061,9.640625,96,0,,,,,,,,,,,,,
1062,4.119141,79,1,81%,61,0.031,1,1,,,,,,,,
1062,7.699219,82,0,,,,,,,,,,,,,
1063,3.820313,81,1,88%,75,0.038,1,2,,,,,,,,
1063,4.920898,94,0,,,,,,,,,,,,,
1065,5.830078,71,2,88%,114,0.057,3,,,,,,,,,
1065,6.710938,96,1,,,,,,,,,,,,,
1065,7.268555,97,0,,,,,,,,,,,,,
1066,5.362305,73,2,82%,97,0.049,2,,,,,,,,,
1066,6.041992,97,1,,,,,,,,,,,,,
1066,10.64453,77,0,,,,,,,,,,,,,
1068,8.142578,59,1,77%,54,0.027,3,,,,,,,,,
1068,9.057617,95,0,,,,,,,,,,,,,
1069,3.501953,82,1,80%,59,0.030,1,2,,,,,,,,
1069,8.183594,77,0,,,,,,,,,,,,,
1070,6.800781,66,1,77%,54,0.027,3,,,,,,,,,
1070,9.299805,88,0,,,,,,,,,,,,,
1073,6.776367,66,1,80%,60,0.030,3,,,,,,,,,
1073,8.075195,94,0,,,,,,,,,,,,,
1076,4.916992,75,1,75%,50,0.025,1,1,,,,,,,,
1076,9.958984,75,0,,,,,,,,,,,,,
1077,4.077148,80,1,86%,71,0.036,3,,,,,,,,,
1077,5.856445,91,0,,,,,,,,,,,,,
1078,1.601563,92,2,69%,108,0.054,2,,,,,,,,,
1078,3.55957,90,1,,,,,,,,,,,,,
1078,18.80078,24,0,,,,,,,,,,,,,
1079,4.318359,78,3,86%,144,0.072,1,1,,,,,,,,
1079,5.417969,95,2,,,,,,,,,,,,,
1079,8.600586,84,1,,,,,,,,,,,,,
1079,11.29883,87,0,,,,,,,,,,,,,
1082,4.444336,78,1,82%,63,0.032,1,1,,,,,,,,
1082,7.424805,85,0,,,,,,,,,,,,,
1083,3.473633,83,1,83%,65,0.033,1,2,,,,,,,,
1083,7.014648,82,0,,,,,,,,,,,,,
1085,3.02832,85,2,76%,77,0.039,2,,,,,,,,,
1085,5.929688,85,1,,,,,,,,,,,,,
1085,14.50781,57,0,,,,,,,,,,,,,
1086,7.625977,62,1,78%,56,0.028,3,,,,,,,,,
1086,8.802734,94,0,,,,,,,,,,,,,
1087,1.999023,90,1,93%,85,0.043,1,2,,,,,,,,
1087,2.999023,95,0,,,,,,,,,,,,,
1088,1.917969,90,2,91%,122,0.061,1,2,,,,,,,,
1088,4.619141,86,1,,,,,,,,,,,,,
1088,5.500977,96,0,,,,,,,,,,,,,
1089,2.5,88,3,90%,159,0.080,1,2,,,,,,,,
1089,3.100586,97,2,,,,,,,,,,,,,
1089,3.65918,97,1,,,,,,,,,,,,,
1089,8.21582,77,0,,,,,,,,,,,,,
1090,3.203125,84,1,81%,62,0.031,1,2,,,,,,,,
1090,7.702148,78,0,,,,,,,,,,,,,
1091,5.380859,73,2,81%,94,0.047,3,,,,,,,,,
1091,10.38086,75,1,,,,,,,,,,,,,
1091,11.2207,96,0,,,,,,,,,,,,,
1092,3.801758,81,1,74%,48,0.024,2,,,,,,,,,
1092,10.48145,67,0,,,,,,,,,,,,,
1094,1.640625,92,2,92%,125,0.063,1,2,,,,,,,,
1094,3.621094,90,1,,,,,,,,,,,,,
1094,5.121094,93,0,,,,,,,,,,,,,
1095,6.138672,69,2,87%,110,0.055,3,,,,,,,,,
1095,6.738281,97,1,,,,,,,,,,,,,
1095,7.936523,94,0,,,,,,,,,,,,,
1096,4.219727,79,2,79%,87,0.044,2,,,,,,,,,
1096,11.70117,63,1,,,,,,,,,,,,,
1096,12.70117,95,0,,,,,,,,,,,,,
1097,4.121094,79,2,90%,120,0.060,3,,,,,,,,,
1097,4.639648,97,1,,,,,,,,,,,,,
1097,5.800781,94,0,,,,,,,,,,,,,
1098,1.373047,93,2,86%,107,0.054,2,,,,,,,,,
1098,3.37207,90,1,,,,,,,,,,,,,
1098,8.670898,74,0,,,,,,,,,,,,,
1099,9.295898,54,1,73%,46,0.023,3,,,,,,,,,
1099,10.97754,92,0,,,,,,,,,,,,,
1100,5.519531,72,2,77%,82,0.041,1,1,,,,,,,,
1100,8.899414,83,1,,,,,,,,,,,,,
1100,13.5,77,0,,,,,,,,,,,,,
1101,10.11914,49,2,78%,86,0.043,3,,,,,,,,,
1101,12.00098,91,1,,,,,,,,,,,,,
1101,13.10156,94,0,,,,,,,,,,,,,
1103,2.450195,88,1,88%,75,0.038,1,2,,,,,,,,
1103,5.049805,87,0,,,,,,,,,,,,,
1105,3.03125,85,3,86%,142,0.071,2,,,,,,,,,
1105,3.292969,99,2,,,,,,,,,,,,,
1105,4.691406,93,1,,,,,,,,,,,,,
1105,11.77246,65,0,,,,,,,,,,,,,
1106,11.82031,41,1,64%,45,0.023,3,,,,,,,,,
1106,14.55859,86,0,,,,,,,,,,,,,
1108,5.892578,71,1,83%,65,0.033,3,,,,,,,,,
1108,7.192383,94,0,,,,,,,,,,,,,
1109,3.820313,81,1,60%,42,0.021,2,,,,,,,,,
1109,16.10938,39,0,,,,,,,,,,,,,
1110,10.27246,49,1,59%,19,0.010,3,,,,,,,,,
1110,16.6709,68,0,,,,,,,,,,,,,
1111,6.801758,66,3,87%,146,0.073,3,,,,,,,,,
1111,8.801758,90,2,,,,,,,,,,,,,
1111,9.900391,95,1,,,,,,,,,,,,,
1111,10.95996,95,0,,,,,,,,,,,,,
1113,6.879883,66,2,85%,105,0.053,3,,,,,,,,,
1113,8.279297,93,1,,,,,,,,,,,,,
1113,9.178711,96,0,,,,,,,,,,,,,
1115,4.591797,77,2,89%,117,0.059,3,,,,,,,,,
1115,5.110352,97,1,,,,,,,,,,,,,
1115,6.47168,93,0,,,,,,,,,,,,,
1116,2.459961,88,1,89%,78,0.039,1,2,,,,,,,,
1116,4.458984,90,0,,,,,,,,,,,,,
1117,5.027344,75,1,81%,62,0.031,1,1,,,,,,,,
1117,7.708984,87,0,,,,,,,,,,,,,
1118,4.469727,78,3,84%,134,0.067,2,,,,,,,,,
1118,4.730469,99,2,,,,,,,,,,,,,
1118,5.250977,97,1,,,,,,,,,,,,,
1118,13.25293,60,0,,,,,,,,,,,,,
1119,4.518555,77,1,86%,72,0.036,3,,,,,,,,,
1119,5.457031,95,0,,,,,,,,,,,,,
1120,3.458984,83,1,84%,68,0.034,1,2,,,,,,,,
1120,6.458984,85,0,,,,,,,,,,,,,
1121,2.501953,87,2,87%,110,0.055,1,2,,,,,,,,
1121,3.501953,95,1,,,,,,,,,,,,,
1121,8.000977,78,0,,,,,,,,,,,,,
1122,4.94043,75,1,86%,72,0.036,3,,,,,,,,,
1122,5.460938,97,0,,,,,,,,,,,,,
1124,4.900391,75,3,85%,138,0.069,1,2,,,,,,,,
1124,8.598633,82,2,,,,,,,,,,,,,
1124,11.62109,85,1,,,,,,,,,,,,,
1124,12.40039,96,0,,,,,,,,,,,,,
1125,4.999023,75,2,87%,112,0.056,3,,,,,,,,,
1125,6.918945,90,1,,,,,,,,,,,,,
1125,7.479492,97,0,,,,,,,,,,,,,
1126,2.019531,90,3,93%,170,0.085,1,2,,,,,,,,
1126,4.519531,88,2,,,,,,,,,,,,,
1126,5.040039,97,1,,,,,,,,,,,,,
1126,6.099609,95,0,,,,,,,,,,,,,
1127,7.418945,63,1,74%,48,0.024,3,,,,,,,,,
1127,10.41895,85,0,,,,,,,,,,,,,
1128,4.101563,79,1,87%,74,0.037,3,,,,,,,,,
1128,5.100586,95,0,,,,,,,,,,,,,
1129,3.888672,81,2,84%,101,0.051,1,2,,,,,,,,
1129,5.466797,92,1,,,,,,,,,,,,,
1129,9.925781,78,0,,,,,,,,,,,,,
1131,4.571289,77,2,84%,102,0.051,2,,,,,,,,,
1131,5.348633,96,1,,,,,,,,,,,,,
1131,9.568359,79,0,,,,,,,,,,,,,
1133,5.192383,74,1,69%,37,0.019,1,1,,,,,,,,
1133,12.69238,63,0,,,,,,,,,,,,,
1134,5.799805,71,2,86%,108,0.054,3,,,,,,,,,
1134,6.380859,97,1,,,,,,,,,,,,,
1134,8.299805,90,0,,,,,,,,,,,,,
1135,2.398438,88,1,82%,64,0.032,1,2,,,,,,,,
1135,7.180664,76,0,,,,,,,,,,,,,
1136,5.318359,73,2,70%,61,0.031,1,1,,,,,,,,
1136,10.31934,75,1,,,,,,,,,,,,,
1136,17.7998,63,0,,,,,,,,,,,,,
1137,2.419922,88,2,87%,110,0.055,1,2,,,,,,,,
1137,3.219727,96,1,,,,,,,,,,,,,
1137,8.000977,76,0,,,,,,,,,,,,,
1138,3.619141,82,1,83%,65,0.033,1,2,,,,,,,,
1138,7.100586,83,0,,,,,,,,,,,,,
1139,5.717773,71,1,83%,65,0.033,3,,,,,,,,,
1139,6.857422,94,0,,,,,,,,,,,,,
1140,8.460938,58,1,75%,49,0.025,3,,,,,,,,,
1140,10.26074,91,0,,,,,,,,,,,,,
1141,5.400391,73,1,84%,68,0.034,3,,,,,,,,,
1141,6.399414,95,0,,,,,,,,,,,,,
1142,1.100586,94,1,86%,71,0.036,2,,,,,,,,,
1142,5.701172,77,0,,,,,,,,,,,,,
1144,2.130859,89,3,76%,111,0.056,2,,,,,,,,,
1144,3.428711,94,2,,,,,,,,,,,,,
1144,8.370117,75,1,,,,,,,,,,,,,
1144,19.01172,47,0,,,,,,,,,,,,,
1145,1.799805,91,1,86%,71,0.036,1,2,,,,,,,,
1145,5.719727,80,0,,,,,,,,,,,,,
1146,2.938477,85,1,84%,67,0.034,1,2,,,,,,,,
1146,6.499023,82,0,,,,,,,,,,,,,
1147,2.600586,87,1,83%,65,0.033,1,1,,,,,,,,
1147,7.099609,78,0,,,,,,,,,,,,,
1148,4.299805,79,1,82%,64,0.032,1,2,,,,,,,,
1148,7.380859,85,0,,,,,,,,,,,,,
1149,2.719727,86,2,83%,100,0.050,1,2,,,,,,,,
1149,6.21875,83,1,,,,,,,,,,,,,
1149,9.919922,81,0,,,,,,,,,,,,,
1150,5.298828,74,3,91%,136,0.068,3,,,,,,,,,
1150,6.380859,95,2,,,,,,,,,,,,,
1150,6.639648,99,1,,,,,,,,,,,,,
1150,7.598633,95,0,,,,,,,,,,,,,
1151,1.341797,93,2,81%,92,0.046,2,,,,,,,,,
1151,4.200195,86,1,,,,,,,,,,,,,
1151,11.58105,63,0,,,,,,,,,,,,,
1152,2.71875,86,2,81%,93,0.047,2,,,,,,,,,
1152,4.619141,90,1,,,,,,,,,,,,,
1152,11.30176,67,0,,,,,,,,,,,,,
1153,4.518555,77,1,74%,48,0.024,1,1,,,,,,,,
1153,10.25879,71,0,,,,,,,,,,,,,
1154,3.958984,80,1,77%,53,0.027,1,2,,,,,,,,
1154,9.359375,73,0,,,,,,,,,,,,,
1155,2.899414,86,3,78%,126,0.063,2,,,,,,,,,
1155,5.298828,88,2,,,,,,,,,,,,,
1155,6.380859,95,1,,,,,,,,,,,,,
1155,17.83984,43,0,,,,,,,,,,,,,
1156,1.459961,93,1,82%,63,0.032,2,,,,,,,,,
1156,7.459961,70,0,,,,,,,,,,,,,
1157,4.907227,75,2,87%,111,0.056,3,,,,,,,,,
1157,6.581055,92,1,,,,,,,,,,,,,
1157,7.782227,94,0,,,,,,,,,,,,,
1158,4.518555,77,2,76%,78,0.039,1,1,,,,,,,,
1158,9.298828,76,1,,,,,,,,,,,,,
1158,14.19922,75,0,,,,,,,,,,,,,
1160,2.492188,88,1,86%,72,0.036,1,2,,,,,,,,
1160,5.592773,84,0,,,,,,,,,,,,,
1162,7.398438,63,2,83%,100,0.050,3,,,,,,,,,
1162,9.139648,91,1,,,,,,,,,,,,,
1162,9.919922,96,0,,,,,,,,,,,,,
1163,10.77832,46,1,67%,42,0.021,3,,,,,,,,,
1163,13.27832,88,0,,,,,,,,,,,,,
1164,1.918945,90,2,87%,110,0.055,1,2,,,,,,,,
1164,6.017578,80,1,,,,,,,,,,,,,
1164,8.019531,90,0,,,,,,,,,,,,,
1165,7.599609,62,2,85%,104,0.052,3,,,,,,,,,
1165,8.182617,97,1,,,,,,,,,,,,,
1165,9.099609,95,0,,,,,,,,,,,,,
1166,3.700195,81,2,89%,116,0.058,1,2,,,,,,,,
1166,6.482422,86,1,,,,,,,,,,,,,
1166,6.780273,99,0,,,,,,,,,,,,,
1168,6.021484,70,1,82%,63,0.032,3,,,,,,,,,
1168,7.339844,93,0,,,,,,,,,,,,,
1169,9.761719,51,2,76%,79,0.040,3,,,,,,,,,
1169,11.08105,93,1,,,,,,,,,,,,,
1169,14.11816,85,0,,,,,,,,,,,,,
1170,3.860352,81,1,85%,70,0.035,1,2,,,,,,,,
1170,6.041992,89,0,,,,,,,,,,,,,
1171,11.24707,44,1,70%,51,0.026,3,,,,,,,,,
1171,12.20605,95,0,,,,,,,,,,,,,
1173,6.282227,69,1,81%,61,0.031,3,,,,,,,,,
1173,7.883789,92,0,,,,,,,,,,,,,
1174,8.861328,56,1,74%,48,0.024,3,,,,,,,,,
1174,10.44043,92,0,,,,,,,,,,,,,
1175,5.520508,72,3,91%,162,0.081,3,,,,,,,,,
1175,6.040039,97,2,,,,,,,,,,,,,
1175,6.598633,97,1,,,,,,,,,,,,,
1175,7.418945,96,0,,,,,,,,,,,,,
1176,1.600586,92,2,85%,106,0.053,2,,,,,,,,,
1176,4.600586,85,1,,,,,,,,,,,,,
1176,8.800781,79,0,,,,,,,,,,,,,
1178,9.126953,54,2,80%,91,0.046,3,,,,,,,,,
1178,10.82813,91,1,,,,,,,,,,,,,
1178,11.62695,96,0,,,,,,,,,,,,,
1180,9.167969,54,1,73%,46,0.023,3,,,,,,,,,
1180,10.7666,92,0,,,,,,,,,,,,,
1181,7.482422,63,1,79%,58,0.029,3,,,,,,,,,
1181,8.582031,95,0,,,,,,,,,,,,,
1182,8.117188,59,1,75%,50,0.025,3,,,,,,,,,
1182,9.998047,91,0,,,,,,,,,,,,,
1183,1.589844,92,2,84%,103,0.052,2,,,,,,,,,
1183,4.288086,87,1,,,,,,,,,,,,,
1183,9.52832,74,0,,,,,,,,,,,,,
1184,8.969727,55,2,82%,95,0.048,3,,,,,,,,,
1184,10.37012,93,1,,,,,,,,,,,,,
1184,10.92871,97,0,,,,,,,,,,,,,
1185,4.458984,78,2,91%,123,0.062,3,,,,,,,,,
1185,4.720703,99,1,,,,,,,,,,,,,
1185,5.499023,96,0,,,,,,,,,,,,,
1186,1.138672,94,1,76%,52,0.026,2,,,,,,,,,
1186,9.519531,58,0,,,,,,,,,,,,,
1187,7.239258,64,3,88%,152,0.076,3,,,,,,,,,
1187,7.499023,99,2,,,,,,,,,,,,,
1187,8.737305,94,1,,,,,,,,,,,,,
1187,9.719727,95,0,,,,,,,,,,,,,
1188,1.417969,93,3,79%,116,0.058,2,,,,,,,,,
1188,5.299805,81,2,,,,,,,,,,,,,
1188,7,91,1,,,,,,,,,,,,,
1188,16.79883,51,0,,,,,,,,,,,,,
1189,6.820313,66,1,71%,41,0.021,1,1,,,,,,,,
1189,11.82031,75,0,,,,,,,,,,,,,
1190,2.087891,90,3,80%,130,0.065,2,,,,,,,,,
1190,3.28125,94,2,,,,,,,,,,,,,
1190,5.081055,91,1,,,,,,,,,,,,,
1190,16.18066,45,0,,,,,,,,,,,,,
1191,3.999023,80,1,83%,65,0.033,1,2,,,,,,,,
1191,6.918945,85,0,,,,,,,,,,,,,
1192,9.442383,53,1,72%,44,0.022,3,,,,,,,,,
1192,11.24219,91,0,,,,,,,,,,,,,
1193,5.015625,75,1,83%,65,0.033,1,1,,,,,,,,
1193,7.016602,90,0,,,,,,,,,,,,,
1194,5.981445,70,1,80%,60,0.030,3,,,,,,,,,
1194,7.882813,90,0,,,,,,,,,,,,,
1195,1.816406,91,3,82%,128,0.064,2,,,,,,,,,
1195,4.216797,88,2,,,,,,,,,,,,,
1195,5.016602,96,1,,,,,,,,,,,,,
1195,14.49805,53,0,,,,,,,,,,,,,
1196,11.70117,41,1,66%,49,0.025,3,,,,,,,,,
1196,13.80078,90,0,,,,,,,,,,,,,
1198,8.764648,56,2,77%,82,0.041,3,,,,,,,,,
1198,11.08203,88,1,,,,,,,,,,,,,
1198,13.56348,88,0,,,,,,,,,,,,,
1199,3.882813,81,2,79%,88,0.044,2,,,,,,,,,
1199,5.283203,93,1,,,,,,,,,,,,,
1199,12.58301,64,0,,,,,,,,,,,,,
1201,9.367188,53,1,75%,50,0.025,3,,,,,,,,,
1201,10.04785,97,0,,,,,,,,,,,,,
1202,14.40039,28,1,61%,66,0.033,3,,,,,,,,,
1202,15.59961,94,0,,,,,,,,,,,,,
1203,4.121094,79,1,89%,78,0.039,3,,,,,,,,,
1203,4.379883,99,0,,,,,,,,,,,,,
1205,1.84082,91,1,83%,65,0.033,2,,,,,,,,,
1205,7.040039,74,0,,,,,,,,,,,,,
1206,5.700195,71,2,86%,107,0.054,3,,,,,,,,,
1206,7.682617,90,1,,,,,,,,,,,,,
1206,8.582031,96,0,,,,,,,,,,,,,
1208,3.000977,85,2,83%,99,0.050,1,2,,,,,,,,
1208,5.201172,89,1,,,,,,,,,,,,,
1208,10.18262,75,0,,,,,,,,,,,,,
1209,4.618164,77,1,82%,64,0.032,1,1,,,,,,,,
1209,7.198242,87,0,,,,,,,,,,,,,
1210,1.688477,92,2,92%,125,0.063,1,2,,,,,,,,
1210,3.787109,90,1,,,,,,,,,,,,,
1210,5.227539,93,0,,,,,,,,,,,,,
1213,9.006836,55,2,77%,82,0.041,3,,,,,,,,,
1213,9.265625,99,1,,,,,,,,,,,,,
1213,13.60742,78,0,,,,,,,,,,,,,
1214,3.199219,84,3,89%,157,0.079,1,2,,,,,,,,
1214,5.698242,88,2,,,,,,,,,,,,,
1214,5.958008,99,1,,,,,,,,,,,,,
1214,8.798828,86,0,,,,,,,,,,,,,
1217,4.602539,77,1,78%,56,0.028,1,1,,,,,,,,
1217,8.800781,79,0,,,,,,,,,,,,,
1219,4.099609,80,1,79%,57,0.029,1,1,,,,,,,,
1219,8.780273,77,0,,,,,,,,,,,,,
1220,5.018555,75,1,83%,65,0.033,1,1,,,,,,,,
1220,7.020508,90,0,,,,,,,,,,,,,
1221,5.599609,72,1,83%,66,0.033,3,,,,,,,,,
1221,6.779297,94,0,,,,,,,,,,,,,
1222,4.441406,78,2,83%,99,0.050,3,,,,,,,,,
1222,5.979492,92,1,,,,,,,,,,,,,
1222,10.11914,79,0,,,,,,,,,,,,,
1223,3.320313,83,1,70%,40,0.020,2,,,,,,,,,
1223,11.90234,57,0,,,,,,,,,,,,,
1224,1.610352,92,1,73%,46,0.023,2,,,,,,,,,
1224,10.79395,54,0,,,,,,,,,,,,,
1225,2.216797,89,2,92%,125,0.063,1,2,,,,,,,,
1225,4.016602,91,1,,,,,,,,,,,,,
1225,5.098633,95,0,,,,,,,,,,,,,
1226,4.818359,76,3,87%,146,0.073,3,,,,,,,,,
1226,5.338867,97,2,,,,,,,,,,,,,
1226,6.858398,92,1,,,,,,,,,,,,,
1226,10.61816,81,0,,,,,,,,,,,,,
1227,10.2832,49,1,67%,35,0.018,3,,,,,,,,,
1227,13.54004,84,0,,,,,,,,,,,,,
1228,1.759766,91,3,92%,167,0.084,1,2,,,,,,,,
1228,3.161133,93,2,,,,,,,,,,,,,
1228,3.681641,97,1,,,,,,,,,,,,,
1228,6.441406,86,0,,,,,,,,,,,,,
1229,3.358398,83,1,64%,39,0.020,2,,,,,,,,,
1229,14.5,44,0,,,,,,,,,,,,,
1230,4.018555,80,1,86%,71,0.036,3,,,,,,,,,
1230,5.71875,91,0,,,,,,,,,,,,,
1232,2.073242,90,2,92%,125,0.063,1,2,,,,,,,,
1232,4.572266,88,1,,,,,,,,,,,,,
1232,5.091797,97,0,,,,,,,,,,,,,
1233,9.363281,53,1,75%,49,0.025,3,,,,,,,,,
1233,10.16211,96,0,,,,,,,,,,,,,
1234,2.21875,89,2,88%,114,0.057,1,2,,,,,,,,
1234,5.71875,83,1,,,,,,,,,,,,,
1234,7.318359,92,0,,,,,,,,,,,,,
1236,6.399414,68,3,84%,135,0.068,3,,,,,,,,,
1236,7.540039,94,2,,,,,,,,,,,,,
1236,8.081055,97,1,,,,,,,,,,,,,
1236,12.87988,76,0,,,,,,,,,,,,,
